#	Time	Size	Length	A.A. Seq
1	11	37	14	ARGYCNGGSCYQND
2	11	50	12	AKEGRVQRWHFD
3	11	38	16	ARDSGTCPNFNCHHFD
4	11	86	10	TTYRGASNFD
5	11	94	8	TRDPHALD
6	11	94	11	ARAYSASWYAG
7	11	248	10	ARDRAFSRYD
8	11	202	10	ARDRAFSRYD
9	11	123	18	AKDLQQTAASWHSYYGMD
10	11	117	19	VRDRGGWQLGVYHHYNGMD
11	11	167	15	VKDGPRHYYHYYYMD
12	11	331	13	ATHERYSTTASLG
13	11	56	15	VTHPLRAPASMQPND
14	11	99	18	ARDLFYGRWQRLLRVTGD
15	11	96	19	ARDGGGKRFHLLRTPYGMD
16	11	114	12	ARSKSGQGFHFD
17	11	72	7	MTVGSPP
18	11	68	10	TAGTGRTDND
19	11	90	11	TAIVGGNDEWD
20	11	67	9	TWSGVNYLA
21	11	60	11	TTAVVASIYVP
22	11	75	12	HTGFNGHNDAFD
23	11	56	11	NHGGYGDRAFD
24	11	66	11	ASLVGGTGSFD
25	11	75	10	AVWVRNDYFE
26	11	41	15	VSYDFWSGGRNEAFH
27	11	55	14	ARSNWDLPIPNWFD
28	11	45	15	ATAGSYGYNYYHYMD
29	11	44	14	ARDHSGSLILDYMD
30	11	40	15	ARDFCSGGDCYQYFD
31	11	109	12	ARVFHPRLGAMD
32	11	40	12	AKGRNHFFEYFQ
33	11	34	14	AREMNIGRPRNFFQ
34	11	35	13	SKDPNGDYIGAFD
35	11	43	16	AKGSSGSYRRLLYYFD
36	11	65	14	AKEKVPTTIVDSQD
37	11	51	17	AKDHRDGWWISYSWLMG
38	11	70	15	VKFRGAGDRGYYHMD
39	11	50	13	AKKPNWKNLYYFD
40	11	89	14	AKWGAQSGSGRYTD
41	11	52	13	AKKPNWKNLYYFD
42	11	40	12	AKNLMTGSACYD
43	11	145	13	AKSLREHSYEILD
44	11	59	13	VKKPNWKNLYYFD
45	11	32	12	AKDGEYSGSEFD
46	11	39	19	ARISSDGGYDTSGANSVFG
47	11	83	12	AKAYARIYFGMD
48	11	43	9	ATDPNWAGY
49	11	90	11	ASSPMDKSAFD
50	11	106	16	AKGSSGSYRRLLYYFD
51	11	236	14	AKEKVPTTIVDSQD
52	11	106	8	ANEIRPND
53	11	41	13	AKSGYNYSLKWFD
54	11	82	12	AKAYARIYFGMD
55	11	66	13	ASSRRLTTSPLVD
56	11	41	13	AKEGTPRSSNYFD
57	11	149	14	AKDWQWKELYYFLE
58	11	77	13	VKEEDSGWYRTAD
59	11	41	19	AKDTMTIAVVGNRFRYGMD
60	11	51	16	AKDRGNWNPYNYYGLD
61	11	46	15	AKDLQSNYDYYTGLD
62	11	40	14	AKDWQWKELYYFLE
63	11	41	13	MRGGWIQRWYEAD
64	11	100	16	ARGPQGSSGWLEWVGD
65	11	57	15	ARDPGSGINGGNYFG
66	11	42	20	ARDPLLSVITSAFFSPNYFD
67	11	73	13	AGGPQLGYYYGMD
68	11	34	14	ARAVGEGNSGGYFD
69	11	39	13	ARWAGTYPTYYFD
70	11	36	10	ARAVYTSALD
71	11	120	14	ARGYCNGGSCYQND
72	11	122	10	SRDIGYFDTD
73	11	149	14	AKSLSYYSSSSSPD
74	11	89	9	VKGRDDYGD
75	11	44	14	IRAGVAVVITACPG
76	11	202	7	ARDSSGS
77	11	77	13	AREDRVGGEGAFD
78	11	126	10	ATSLWDQLVD
79	11	84	10	ATSLWDQLPD
80	11	42	9	ARDQNWAFE
81	11	181	10	ARGWRENSFD
82	11	58	12	ARGRWFAEPYLD
83	11	80	10	ARDRAFSRYD
84	11	81	11	ARVWSSGWTLD
85	11	120	19	ARDIDYHDRRGDKWYDAFD
86	11	59	16	ARDSGTCPNFNCHHFD
87	11	49	16	ARDSGTCPNFNCHHFD
88	11	40	11	ARDSGRTGSWD
89	11	37	15	TRGYVGASRGHYGMD
90	11	61	22	TRDPSESCSGTDCYTRSVYGLD
91	11	64	22	TRDPSESCSGTDCYTRSVYGLD
92	11	95	9	TGGRGWLTD
93	11	67	12	ATSSCGDCFQVD
94	11	57	13	ARPRIGWDGYSLA
95	11	38	14	ARGGDNWNYGEGFE
96	11	42	13	ARGRTLDYGDYFD
97	11	63	13	ATSTRGWGPDGFD
98	11	69	13	ARDELNYADNAFD
99	11	32	16	ARDAPYYYASGSNAFD
100	11	92	10	ATGFSTIRPD
101	11	36	14	VRDGPPGGPDFFIG
102	11	118	14	VRESTGVGPKGFFD
103	11	52	5	ARDVG
104	11	55	5	GRDVG
105	11	32	11	ARESGTGYYFD
106	11	75	11	ARDGSGGYYFD
107	11	41	12	TSCQPLYYCGMD
108	11	46	13	ATSTRGWGPDGFD
109	11	43	10	ATGFSTIRPD
110	11	38	10	ATGFSTIRPD
111	11	40	12	AREGEDRRTALD
112	11	44	9	TRQGMHNFE
113	11	67	9	TRPWNDYVP
114	11	39	8	ARDFIYVT
115	11	67	8	TREKWIFD
116	11	37	9	AREFYWLFD
117	11	99	7	ARDLILS
118	11	37	15	ARDEDYYDSSGLYID
119	11	32	15	ARYCSGPRCPEYYFD
120	11	44	17	ARDDTKIDNSVYYDVLD
121	11	78	16	ARDLTPYSNNWYDALD
122	11	54	15	ASDAFSIGGTLDTFD
123	11	45	11	ASHMIQGGTFD
124	11	43	11	ASHMIQGGTFD
125	11	66	13	AKHSGRYYSDAFD
126	11	69	16	ARDLTPYSNNWYDALD
127	11	34	12	ARDPPGPGSYFD
128	11	47	15	ARDPSSDSSGWYYFD
129	11	48	15	ARGAYTGGWYPDYFD
130	11	47	9	AGGNGWLPE
131	11	35	9	VAGHGWLPD
132	11	35	10	ARNLGWQQFD
133	11	540	10	ARDRAFSRYD
134	11	36	10	ARDRAFSRYD
135	11	61	8	VVGRRGLD
136	11	116	8	TTDLNWNS
137	11	183	8	TTDLNWNC
138	11	45	9	ARHGFYSLD
139	11	47	9	AGGTGWLVS
140	11	41	14	TKNGDWTPYRHSLD
141	11	70	9	ARDYRYYMD
142	11	51	7	AGGDDSE
143	11	38	17	ARDADYFQNNMWYDGFD
144	11	133	14	VRVQAAGCYSCGMD
145	11	33	12	ARGLISTDQGFD
146	11	39	9	VRGGKGYFD
147	11	63	11	AREGEYNSPTT
148	11	139	9	ARDLGGSAG
149	11	2507	11	ARGGEYNSPTT
150	11	2585	11	ARGGEYNSPTT
151	11	613	11	ARGGEYNSPTT
152	11	54	11	ARGGEYNSPTT
153	11	40	11	ARGGEYNSPTT
154	11	96	11	ARGGEYNSPTT
155	11	113	11	ARGGEYNSPTT
156	11	61	11	ARGGEYNSPTT
157	11	31	11	ARGGEYNSPTT
158	11	87	11	ARGGEYNSPTA
159	11	52	11	ARGGEYNSPTA
160	11	425	11	ARGGEYNSPTS
161	11	127	11	ARGGEYNSPTS
162	11	356	11	VRGGEYNSPTT
163	11	45	19	ARHRPTSITVSGSIVDAFD
164	11	95	11	ARGGEYNSPTT
165	11	31	9	TRDLGGARG
166	11	45	9	AGDVSGKDD
167	11	81	9	TRDIGGRRA
168	11	124	9	TRDIGGRRA
169	11	141	9	TRDIGGRRA
170	11	68	9	TRDIGGRRA
171	11	77	9	TRDIGGKWA
172	11	343	9	ARDLSGPFD
173	11	53	11	ARGGEYNSPTT
174	11	289	11	ARGGEYNSPTT
175	11	58	9	AGDLSGRND
176	11	74	9	SRDLSGRDD
177	11	36	11	ARGGEYNSPTT
178	11	284	11	ARGGEYNSPTT
179	11	132	9	ARDLSGRHD
180	11	82	10	TRDPGRNWFD
181	11	85	13	ARPFINSLPDGFD
182	11	59	17	ARGTGRSIPRIEFQRFD
183	11	90	11	AREVANVNYMD
184	11	147	11	ARGGEYNSPTT
185	11	34	11	ARGGEYNSPTT
186	11	35	11	ARGGEYNSPTT
187	11	105	11	ARGGEYNSPTT
188	11	63	11	ARGGEYNSPTT
189	11	112	11	ARGGEYNSPTA
190	11	110	9	AGDLSGRND
191	11	58	13	VYDSTGYYHVPGD
192	11	67	9	SRDLSGRDD
193	11	60	10	TRDPGRNWFD
194	11	105	13	ARPFINSLPDGFD
195	11	82	10	ARDPGRNWFD
196	11	48	10	ARDPGRNWFD
197	11	289	16	AREGITAGDYYYYAMD
198	11	50	11	ARGGEYNSPTT
199	11	34	10	VTADGVTSAL
200	11	158	10	ARDVPHSNFD
201	11	41	14	TRPNWGSRLPGAFD
202	11	37	12	TSPMMGYSLGYS
203	11	52	17	AKLGAITAANPNGDALD
204	11	148	14	ARPNWGSTLPGAFD
205	11	98	14	ARPNWGSTLPGAFD
206	11	53	14	ARPNWGSTLPGAFD
207	11	138	14	ARPNWGSTLPGAFD
208	11	46	14	ARPNWGSTLPGAFD
209	11	267	14	ARPNWGSTLPGAFD
210	11	301	14	ARPNWGSTLPGAFD
211	11	122	14	ARPNWGSTLPGAFD
212	11	68	8	TRGNWGFD
213	11	59	14	ATFRSVYYGAGSPD
214	11	120	7	ARRDYFD
215	11	74	12	ARVVGGTRGSAD
216	11	2278	13	ARPFINSLPDGFD
217	11	169	13	ARPFINSLPDGFD
218	11	56	13	ARPFINSLPDGFD
219	11	75	13	ARPFINSLPDGFD
220	11	55	19	VKVNAFGRYEGVNYNYYMD
221	11	142	10	IKDILPGGLD
222	11	98	15	ARDIRNHYDSSGYFG
223	11	157	14	VRHRQHGSEGSPFD
224	11	93	14	VRHRQHGSEGSPFD
225	11	220	16	LGLGLNDNGDYFEPYD
226	11	83	10	IKDVTAGGLD
227	11	38	18	AKDSLRSAYSISAWYDMD
228	11	196	14	AKSQQLDYYYYGFD
229	11	108	15	VKGTATVTTQADVFE
230	11	120	11	ARGGEYNSPTT
231	11	168	11	ARGGEYNSPTT
232	11	50	11	ARGGEYNSPTS
233	11	70	17	ARDHYSGSGNYWGGAPN
234	11	76	14	ARPNWGSTLPGAFD
235	7	113	13	AKWNGLNFVDAFD
236	7	71	16	AREGLRSRISSGDAFD
237	7	122	12	AKEGRFDSSSFD
238	7	38	16	ARDYDTFTGTKTDNFD
239	7	134	9	ARGPGWLVD
240	7	80	18	ARDKGNFDWELRGGYWFD
241	7	104	21	ARSRDGSGSYWGREYDYFYMD
242	7	31	21	ARSGDGSGSHWGRDYFYYYMD
243	7	34	21	ARSGDGSGSHRGRDYFYYYMD
244	7	60	21	ARSGDGSGSHWGRDYFYYYMD
245	7	56	13	ATHERYSTTASLH
246	7	37	17	ARDFGRKLNVPAAGVPG
247	7	44	5	AHSVN
248	7	35	26	AGGPVDGNIWEAGRPCDLEADLSHLD
249	7	51	8	ATGRDGWD
250	7	90	8	TTGSMVLG
251	7	126	8	TTGSMVLG
252	7	34	8	TTGSMVLG
253	7	91	8	TTGSMVLG
254	7	49	14	ATDWSHPGLRGMGP
255	7	37	6	TTDTGA
256	7	39	14	TTDLPLTRGLVPSA
257	7	94	6	TTDSGA
258	7	43	10	STDLGIYGLD
259	7	40	6	TTEDLR
260	7	126	11	TTYYYDSVRFG
261	7	53	17	ARDGFYDSSGYYYGAFD
262	7	143	10	VTTSRSIPFD
263	7	66	15	ARPLEDQLVDYYYMD
264	7	51	5	VRNMD
265	7	59	12	TRDFAVDARAYD
266	7	32	12	TKRYYYDSGALE
267	7	36	10	VKDSLRYSFD
268	7	179	12	ARHTDGWFRGFD
269	7	66	15	GKVRQPMDYYWHGVD
270	7	40	22	AREAVYEFWRGSNRAPYYYYMD
271	7	72	14	AKASGNSYGREYSD
272	7	55	12	AKNLMTGSACYD
273	7	58	13	AKVARWLKLGESD
274	7	31	10	VKDSLGYSFD
275	7	35	10	AKGGSISWFH
276	7	59	15	AKVISLTDYYWYGMD
277	7	34	14	ARDWWLPRNYYGMD
278	7	76	17	ARVEGGDHVKYYYYGMD
279	7	45	16	AKPIYYYDGSGQPDFD
280	7	80	13	AKDRDDYGDYDFD
281	7	97	14	AKEKAATAFIDSQD
282	7	40	24	ARVESSYDLVWGIYRAGYYHSYMD
283	7	70	16	ARQGKFKAFAVTIMMD
284	7	35	12	AKDRWDGGYYFD
285	7	115	14	AKEFRGGLDATAGG
286	7	54	11	AKIISQTANGD
287	7	69	12	AKDRTSGGRQVD
288	7	59	12	AKADAPIMGAFD
289	7	38	10	AKGGGDYSFD
290	7	34	17	VKGPAHCSKTSCYGGFD
291	7	95	10	IKDVGFFDSY
292	7	58	13	MILPAKKLAPIDD
293	7	35	13	MILPAKKLAPVDD
294	7	129	14	ARLPTTTETTGDFD
295	7	33	10	ARDSSQYFFD
296	7	85	8	VGAIGYFD
297	7	85	11	ARGGMIPFGLD
298	7	37	16	ARGATSGTSYSSGFED
299	7	32	10	ARDGGFREFD
300	7	44	13	ARLAYRNLLGGLD
301	7	72	13	ARLAYSNLLGGLD
302	7	53	11	ARVGSGSYSLD
303	7	69	11	ARLTSGWFSVD
304	7	57	10	ARDISFFALD
305	7	34	13	AKAECADNCYLTD
306	7	31	13	TRGRMYDSIGYYD
307	7	39	9	VRLNDWYFD
308	7	34	9	ATDLHWAFD
309	7	84	10	ATYNQRPPVD
310	7	32	8	ARDPHALD
311	7	55	9	ARQVLGDFD
312	7	59	18	ARERDFCGLSSCSGGILD
313	7	42	14	ARRRGVATGEKYFD
314	7	31	8	ARNSGIWS
315	7	41	7	ARGNPSP
316	7	75	15	ARDRGDFYDSPDRLD
317	7	111	11	TRDPHGDDFRG
318	7	64	10	ARGGDRNWFD
319	7	65	7	ALGGAAL
320	7	32	10	TRHISLLMGG
321	7	82	11	TRDPHGDDFRG
322	7	43	18	AREEGATRTDLAEYYGMD
323	7	33	9	TREANWGPW
324	7	37	9	ARGARGYSC
325	7	31	16	ASSLCSGGSCYAGHFH
326	7	35	15	ARDLIARAGPVRYFD
327	7	55	6	TRGTAG
328	7	80	15	ARGYCPDGICNNNPE
329	7	48	15	ARGYCPDGICNNNPE
330	7	70	14	AREDRRVGTSPYFD
331	7	53	15	ARGHCSNGVCDNNPD
332	7	50	5	GRDVG
333	7	57	21	ARSRDGSGRNWGRDYDYFYMD
334	7	53	21	ARSRDGSGSYRGRDYDFFYMD
335	7	33	21	ARSRDGSGSYWGREYDYFYMD
336	7	46	21	ARSRDGSGSYWGRDYYYFYMD
337	7	109	21	ARSGDGSGSHWGRDYFYYYMD
338	7	51	21	ARSGDGSGSHWGRDYFYYYMD
339	7	51	21	ARSGDGSGSHRGRDYFYYYMD
340	7	77	21	ARSGDGSGSHRGRDYFYYYMD
341	7	90	21	ARSGDGSGSHWGRDYFYYYMD
342	7	68	21	ARSGDGSGSHWGRDYFYFYMD
343	7	68	21	ARSGDGSGSQWGRDYFYYYMD
344	7	80	21	ARSGDGSGSQWGRSYFYFYMD
345	7	31	21	ARSGDGSGSQWGRSYFYFYMD
346	7	55	21	ARSGDGSGSHWGRDYFYYYMD
347	7	38	12	VGPYNAYDWAMF
348	7	73	15	ARGYCPDGICNNNPE
349	7	37	15	ARQSFRGQSGYERSD
350	7	54	8	ARDPWELL
351	7	43	5	ASNSR
352	7	113	8	VSGYSYGY
353	7	61	12	ARGIFGDSVAFD
354	7	39	7	ACWASTN
355	7	35	8	ARENWAID
356	7	67	8	ARENWAID
357	7	140	9	ARDEDGAFD
358	7	110	8	ARDFFKVD
359	7	69	10	ARFYFGLSFD
360	7	264	16	VRDRGKGSGGYSSPFD
361	7	56	9	VGGSGWLPD
362	7	71	25	ARDRGESTANERRRWLQLWFRGWFD
363	7	109	9	AGGSGWLSD
364	7	73	14	ARDRGIGGRSWIFD
365	7	133	16	ARAIGRESDSPYNWFD
366	7	34	15	SRPTGPAGSGWTPGG
367	7	94	7	ARGRGLD
368	7	89	7	ARGRGLD
369	7	34	10	TVSIAGALNQ
370	7	100	17	ARGDYDFWSGYYYWYFD
371	7	52	13	TRDGGDSKWSKFD
372	7	45	18	VRAKYSGMHYDYYYYYMD
373	7	47	14	TRGPSDYGDYGWFD
374	7	45	15	ARAGGLITGTTYAMD
375	7	58	9	AREDFGGKD
376	7	34	14	ARMRKVGSTWSGFE
377	7	54	7	VGGGYLP
378	7	43	9	TRDIGGRRA
379	7	51	9	TRDIGGSRG
380	7	68	9	TRDIGGSRG
381	7	46	8	IFSNSSFD
382	7	155	10	ARAYPYESFD
383	7	46	14	ARMRKVGTTWSGFE
384	7	69	12	AGEHPWDRSAID
385	7	42	13	ARDQTMRGPTTTD
386	7	63	9	ARSRWYSFD
387	7	34	8	VRDRNGYN
388	7	87	9	SRDLSGRDD
389	7	39	14	ASHHESSLSWGPMD
390	7	81	11	VRGHIKGFYLD
391	7	96	12	LRGCSNGVCFGA
392	7	48	10	ARDSRGGTLD
393	7	116	14	VGGCTNGVCYGQNG
394	7	39	9	SRDLSGRDD
395	7	42	12	TRENWQYVRAFD
396	7	76	12	TRENWEYVRAFD
397	7	42	12	TRENWQYVRAFD
398	7	77	10	TRGNAGGQFD
399	7	49	12	ARGLNEGVAYGD
400	7	32	12	ARGLNEGVAYGD
401	7	48	12	ARGLNEGVAYGD
402	7	51	8	ASFIMGVP
403	7	42	10	VRDVPHSNFD
404	7	90	8	IISNSTFD
405	7	39	12	ARGGEYVWDVID
406	7	95	10	ARSFPYEGFD
407	7	35	12	ARGLNQGVGYGD
408	7	52	12	ARGLNEGVAFGD
409	7	33	10	ARDPPMGLVD
410	7	49	9	ARSRWYSFD
411	7	38	9	AREMWATLD
412	7	44	17	ARGQFYGPILGYNNYMD
413	7	65	17	RKHRFYHFFLLNEDDFD
414	7	39	12	AKARMLEYDALD
415	7	38	12	AKGGYQLLSKKD
416	7	44	9	GTDKAGDLE
417	7	55	10	VKDITAGGAD
418	7	50	14	AKDSGLSLELAVID
419	7	130	10	ARAYPYESFD
420	7	197	12	ARALSGTYYYFD
421	7	100	14	VRDLTLETTGPHYD
422	9	201	14	TRGAIGRSGYPLFR
423	9	129	18	AKDLGPSSFYDTRGFDFG
424	9	35	9	ARDFYYYFD
425	9	33	11	ASQAPRVGAPR
426	9	78	14	AKEFRGGLDATAGG
427	9	93	13	AKWNGLNFVDAFD
428	9	67	7	AGHTELD
429	9	114	9	ATGKGYLID
430	9	86	10	ATYNRRPQVD
431	9	34	10	ATYNRRPQVD
432	9	94	12	ARGGSTTSWYWV
433	9	113	9	ARLWGFAPH
434	9	109	18	ASAGPGYCSGSVCSRGFD
435	9	236	13	SRDCCDRDENMYD
436	9	358	18	ARDPNSASGAYWAYNRFD
437	9	76	18	ARGTHYCSSTSCYVNWLD
438	9	245	9	ARDYYYYID
439	9	63	19	AREYYDDSGSVSYYNYYMD
440	9	47	38	ARRRGGPGALVLPTGRFVFWDLRARGIGIADWKICVFE
441	9	39	15	ARAIRGWHFGSAWFD
442	9	148	16	ASPATYCGGECHNWFA
443	9	58	17	ARDFGRRLNVPAAGLSG
444	9	32	9	AREFFYKFD
445	9	245	9	ARAVAGALD
446	9	88	8	ARWVGGFD
447	9	46	9	ARPRIGTFD
448	9	108	11	ARDRVWFGELN
449	9	36	12	ASPYDISWLGFQ
450	9	60	8	AWPVRMPN
451	9	69	8	TRDPRLLD
452	9	88	9	ARENFYKFD
453	9	35	8	ATGRDGWD
454	9	42	8	VTGRDGWD
455	9	65	18	ARGTSVAGADFSFYSGMD
456	9	33	7	IAVGSPP
457	9	86	10	NTDRFASPVD
458	9	70	13	TTERTEFFEDAFD
459	9	48	11	TAIVGGNDEWD
460	9	325	11	TAIVGVNDEWD
461	9	55	11	TSIVGSYDQWD
462	9	94	9	ITDPGYWPD
463	9	66	11	TAIVGGDDEWD
464	9	90	11	TAIVGGDDEWD
465	9	55	10	TTDNWVYAMD
466	9	57	10	STDLGLYGLD
467	9	43	10	STDIGYYGLD
468	9	31	10	ATDTNRRHVD
469	9	102	6	TTDSGA
470	9	34	7	MTVGSPP
471	9	32	14	IAEVDCSGGRCYSG
472	9	266	9	ITDPGYWPD
473	9	66	10	VADNEDDGIP
474	9	38	15	ARDLPGWTRGGWYFD
475	9	355	12	AIGGYTSSWYWR
476	9	35	10	ATWGQGGAFD
477	9	85	14	SRGSGDYLRNDAFE
478	9	122	14	SRGSGDYLRTDAFE
479	9	46	12	ARDSTVTNGEFD
480	9	108	13	ARAQSSGWYDFPD
481	9	80	8	ARGGGAPD
482	9	36	18	ARGSASDFWSGYPTFGNE
483	9	32	13	ARYDYVWGRTPPD
484	9	121	11	ARWLQLDGSFD
485	9	55	11	ARLVGAAYYFD
486	9	349	10	ARFHFGLPFD
487	9	111	10	ASYNDYGHPA
488	9	57	12	VRHTQRPTYYFD
489	9	46	10	ARDPPGLGMD
490	9	45	17	ARARIHFADRSGRYGLD
491	9	42	16	ARGSDYYDDPYHFDMH
492	9	57	19	ARDNDGDLADYYYYYYYMD
493	9	81	11	ARDPYPRGRLE
494	9	38	12	ASIPVAGSWYFD
495	9	31	16	VRDGWLKFRGLPDAFD
496	9	71	20	AREELTQGHCTTTSCLNYFD
497	9	134	10	AKDIWAWTFD
498	9	54	10	VKDSLGYSFD
499	9	56	15	AKDKYWELVRSGYFD
500	9	42	5	AKDLH
501	9	70	8	TRWSGFGD
502	9	48	14	AKVYSASGIDFSWD
503	9	212	15	ARDYNYMTGYHSDLG
504	9	44	12	AKDGGPGRGAFD
505	9	64	13	AKGRRDWVHDAFD
506	9	31	13	AKDRDDYGDFDFD
507	9	90	14	AKDDYCGLGGCSFD
508	9	32	16	AKDWEYYYDSSGAFPD
509	9	50	16	AKDWEYYYDSSGAFPD
510	9	45	16	AKDNPLDDGIWLGLID
511	9	65	10	AKDVLGWTFD
512	9	53	19	AKGHEESLLYEAVSVDYFD
513	9	60	13	AKVSTVATIHYFD
514	9	101	13	AKDRTDFGDFDFD
515	9	58	12	AKDGAADVYYFD
516	9	46	8	AKEEVPND
517	9	44	8	ATEEVPND
518	9	67	10	VKDSLGYSFD
519	9	101	10	VKDSLGYSFD
520	9	37	14	AKVGRENSIDMWFD
521	9	50	16	TKDGIVVAATYFYYMD
522	9	103	14	AKDGHNVIYYYYMD
523	9	60	8	AKEEVPND
524	9	31	14	AKEIRGPTIVRYFD
525	9	38	16	HFAPYYDFWTGDDTSD
526	9	31	16	AKFRTEWDLLGENGFD
527	9	54	10	VKDRGSIFGD
528	9	62	15	AKLGTTVKPKDMLLD
529	9	82	14	AKASGNSYGREYSD
530	9	80	15	AKSRSGWYCPACYFD
531	9	36	11	AKPPPAGFFFD
532	9	32	11	AKENAYNRAFD
533	9	83	14	AKCRWELLDQNFFA
534	9	48	14	AKCRWELLDQNFFA
535	9	127	23	ARVRNVDYYDRSGLFRPSRYYFD
536	9	97	12	VKAQSGNLPQFD
537	9	176	13	AKDVDDYGDYVSD
538	9	238	14	AKDWGIGVAGTPID
539	9	37	11	AKPNGRGNWFD
540	9	133	15	ARDFRVEVVADDWLD
541	9	101	10	VKDRGAIFGD
542	9	42	15	AKMKGPGRHQDYGMD
543	9	36	18	AKWGDSWSGYPFYYHGMD
544	9	40	12	ARRNHLFDYGMD
545	9	47	10	VKDRGTIFGD
546	9	40	13	AKDSSSWIYYYMD
547	9	36	10	TTVRGIGSCP
548	9	64	14	AKEIRGPTIVRYFD
549	9	115	14	AKDLHMITFGGVPS
550	9	98	19	AKGQPSSPDYYDSSAYYPE
551	9	60	15	AKGGCGDGNCWALVF
552	9	39	14	AKFGQDWDQWELLG
553	9	45	9	ATDPNWAGY
554	9	47	9	ATDPNWAGY
555	9	41	10	AAIVIPATNI
556	9	96	11	ASQAPRVGAPR
557	9	44	11	ASQAPRVGAPR
558	9	99	11	AKDPRSADAFD
559	9	126	16	AKDWEYYYDSSGAFPD
560	9	35	10	AKDIYHWEFD
561	9	131	13	AKDREGRRTEEFD
562	9	37	13	AKGPQYQLVWYFD
563	9	265	10	VKDKGAIFGD
564	9	134	8	VKGLRAMH
565	9	40	12	AKDWGGYGSVFD
566	9	290	9	ATDPNWGGY
567	9	263	9	ATDPNWGGY
568	9	47	12	ARDRIGNSGWID
569	9	36	17	AKEIQGFIYQTGLGVFD
570	9	81	14	AKVGHNLDHWALLG
571	9	81	14	AKVGHNLDHWALLG
572	9	198	9	ATDPNWGGY
573	9	52	16	AKDPQVAYYYYYYYMD
574	9	192	15	AREPWGSHRYGDTTD
575	9	52	12	ANGAFGGRPDFD
576	9	80	12	ANGAFGGRPDFD
577	9	59	16	AKDDASGRYSYYNGVD
578	9	156	13	AKGYGLVLMYYFD
579	9	130	12	TKEGRVENWHFD
580	9	105	15	ATLMGHDYGAIRAFD
581	9	132	14	AKEFRGGLDATAGG
582	9	200	14	AKEFRGGLDATAGG
583	9	99	14	AKEFRGGLDATAGG
584	9	39	16	AKSPCSDGTCDLYYFD
585	9	73	11	AKSDGGYYAFD
586	9	145	14	AKDEGDRSLEYYFD
587	9	147	14	AKGGGGGGGNTELG
588	9	45	17	AKGPSHCTSTSCYGGFD
589	9	85	10	AKGGGDYSFD
590	9	45	16	VKSTCSDGNCNLYYFD
591	9	41	14	AKDLYGSGWYNYFD
592	9	39	8	AKFNGGFD
593	9	32	16	AKDRSQYNWKDVSAMD
594	9	43	16	VKEMEAGGDDFYYGMD
595	9	35	20	AKGVVRWGHELNGDYYHYMD
596	9	106	9	GLSKVGATD
597	9	41	11	ATSPNGGSRLV
598	9	40	13	AKGRGYSTTGGMD
599	9	37	11	ARELGSDFELD
600	9	85	9	VRDFQNGGD
601	9	42	14	ARLPTTTETTGDFD
602	9	138	15	ARDPGSGINGGNYFG
603	9	78	11	ARVAAIAPYPD
604	9	144	11	ARELGADFELD
605	9	99	12	AREIYLPKWFFD
606	9	192	15	AKPLSSSVVATSGND
607	9	247	14	ARAVGEGNSGGYFD
608	9	48	15	ARERPLTSGASDVFD
609	9	34	13	ARDDGNGTPGPFG
610	9	71	15	ARDCSALGPNKDYFD
611	9	184	11	ARGRTAWSFFD
612	9	53	10	ARGYISSWGD
613	9	35	17	ARNSYYFESSGVLGWSD
614	9	91	12	ARMRRLGGNGPD
615	9	47	16	ARDFPIVGASSNYGLD
616	9	46	15	AREGSLTPGGSDVFD
617	9	118	11	ARLTSGWFSVD
618	9	102	11	ARLTSGWFSVD
619	9	53	13	TRSKRTVTGFYMD
620	9	33	13	ARSKRTVIGFYMD
621	9	71	12	ATEVLGGQGAFD
622	9	63	13	ARSKNTVNRFYMD
623	9	68	16	VRQAPQGLIYAGRYFD
624	9	79	16	AKDGVGITSTPTPSFA
625	9	44	13	AALRHSNYVGGLD
626	9	95	23	ARDRLNYYDSSGYYPPGYYYGLD
627	9	33	8	AKDFSGAM
628	9	60	13	AKAECADNCYLTD
629	9	31	12	ARAAPGQLIPLD
630	9	48	18	AKDFSGFQNSLFYFHYMD
631	9	34	13	ARDRSTGTTYFMD
632	9	43	18	AKDLGPSSFYDTRGFDFG
633	9	97	13	ARVADGYMNYYFD
634	9	32	13	TRGRMYDSIGYYD
635	9	37	13	ARGRTYDSIGYYD
636	9	55	22	ATYVSCSTSSCTAPENYYWYFD
637	9	66	10	AKATIYDALD
638	9	39	11	ARDLGIQGAID
639	9	237	9	AKDRDWAFD
640	9	83	10	ATYNRRPQVD
641	9	54	12	AREVFQGSGGFD
642	9	46	11	ARDRGGTYYID
643	9	71	11	ARDLGIQGAID
644	9	74	11	ARDLGIQGAID
645	9	255	11	ARDLGIQGAID
646	9	32	11	ARDLGIQGAID
647	9	97	16	ARDASHVEDTDWYYFD
648	9	35	16	ARDASPVEGTGWYYFD
649	9	42	10	ARGWLENTFD
650	9	78	10	ARGWLENTFD
651	9	55	9	VRDRDYAFD
652	9	56	9	VRDLNWGFD
653	9	214	9	VRDLNWGFD
654	9	52	12	VRALTQTRVTTG
655	9	318	11	CTSCFVDCSLY
656	9	83	11	CTSCFVDCSLY
657	9	95	15	ARQVGSKGSGFYFMD
658	9	90	15	AREGRGGFYYYYYMD
659	9	36	14	SRSNSRGGYYYFMD
660	9	56	16	ARGQSSLNTIFRSYFD
661	9	110	8	ARNSGIFS
662	9	183	8	ARNSGIYS
663	9	165	10	ATSRDGKAFD
664	9	64	12	ARETTVTPDGLD
665	9	33	10	TRDQGYGDYW
666	9	82	11	ATGWNDGCHFD
667	9	46	8	ARDDGGLE
668	9	151	12	ARGRLAAAGMID
669	9	54	10	AREVDDNGFD
670	9	48	14	ARDGGNRGNSAGFD
671	9	35	11	ARDSPNLNWFD
672	9	39	6	ARGRGS
673	9	41	12	ARVWRTEGEGYN
674	9	173	15	ARQVGSKGSGYYFMD
675	9	107	12	ARVYASTPYFMD
676	9	32	12	TRIGDGFNYAFD
677	9	107	12	TRIGDGFNYAFD
678	9	121	9	TGGRGWLTD
679	9	35	10	TRHISLLMGG
680	9	44	10	TRHIVLLMGG
681	9	33	11	TRDPHGDDFRG
682	9	47	14	TRDRPGTYYPITLD
683	9	55	11	TRDPHGDYFRG
684	9	51	10	ARGLSPRPFD
685	9	117	10	TRELWPNTFD
686	9	42	18	TREEGATGTDLAEYYGMD
687	9	39	9	ARGLEWELG
688	9	77	16	ASSLCSGGSCYAGHFH
689	9	48	15	ARDLIARAGPVRYFD
690	9	103	6	TRGTAG
691	9	62	15	AAPLGGFAEGTDAFD
692	9	76	18	ARDHGYYYSGINRDDAFD
693	9	121	13	VRESVNSSSRAFD
694	9	196	6	TRDSGV
695	9	34	13	ACGAGEGAKYYFD
696	9	31	13	ARDVLGDGYASFD
697	9	39	14	ARDRIEWSRGHWFD
698	9	46	6	ARVPGF
699	9	105	8	AGRVSGVY
700	9	32	5	GRDVG
701	9	106	5	GRDVG
702	9	254	15	AREPGGHLHYYYGMD
703	9	31	10	ATDEGYHYMD
704	9	40	14	AREGNGRDGFNYLD
705	9	41	14	AREGNGRDGFNYLD
706	9	39	13	ATGAGDGAKYYFD
707	9	43	15	ARGHCSNGICNNNPE
708	9	175	12	AREEISRQTALD
709	9	136	10	ARETGDYAFD
710	9	82	12	AREGIIRRTALD
711	9	47	10	AREPSFGELD
712	9	32	12	ARGGSNSAWYWL
713	9	56	8	ATSAAGLP
714	9	75	9	AREFYWLFD
715	9	53	10	ARESFGYDYD
716	9	71	10	ASESTSREEG
717	9	51	9	VRGAGWLLE
718	9	90	12	ARGGYSTSWYWR
719	9	53	12	ARGGSNSAWYWV
720	9	106	12	ARGGSNSAWYWV
721	9	60	12	AIGGYTSSWYWR
722	9	36	12	AIGGYTSSWYWR
723	9	41	13	ATEGVPTTFDAFE
724	9	50	12	ARGILGDSVAFD
725	9	31	12	ARGIFGDSVAFD
726	9	102	12	ARGILGDSVAFD
727	9	76	17	TRDENYSERKIYYDAFH
728	9	110	12	AKLSWPTVRVFD
729	9	78	15	ARIPCYGSEICDAFD
730	9	58	9	ARENWYVFD
731	9	39	15	ARARVYQGWITDVFG
732	9	37	12	ARGILGDSVAFD
733	9	46	12	ARGIFGDSVAFD
734	9	37	18	ARGDERYDFWSGPNDAFD
735	9	102	18	VRDGRYCTNIDCKGDGYD
736	9	53	8	TRGHWGRR
737	9	74	7	AGWASTN
738	9	31	8	ARLYGYFD
739	9	165	10	ARDQGWEQFD
740	9	49	8	ARDPWELL
741	9	46	14	ARDPGSSTWYGYFD
742	9	33	15	ARDPPIIEMETIAVD
743	9	83	15	ARDPPIMEMDTIAVD
744	9	76	9	ARDEDGAFD
745	9	181	9	ARDEDGAFD
746	9	33	9	ARDEDGAFD
747	9	206	9	ARDEDGAFD
748	9	172	9	ARDEDGAFD
749	9	79	12	ARAVYSSGWHFD
750	9	70	8	ARGYSFGD
751	9	121	9	ARSNWAAND
752	9	117	9	ASETWGAYD
753	9	440	9	ARSTFSSSD
754	9	49	17	ARGTVVDQGGSYYRPLD
755	9	60	20	ARVGSHCSSTSCQSTFRPLD
756	9	92	10	ARFHFGLPFD
757	9	165	10	ARFHFGLPFD
758	9	56	10	ARFYFGLSFD
759	9	63	9	AGGGGFLSD
760	9	31	14	ASVDGWHVMRPNFD
761	9	62	16	VRDRGKGSGAYSSPFD
762	9	42	13	VRAGYKYGFVDFD
763	9	71	9	VRGAGWLLD
764	9	31	9	SRGNWNDGG
765	9	141	9	SRSNWAAND
766	9	156	10	ARGTQLPGID
767	9	83	9	AGGNGWLID
768	9	462	9	AGGSGWLSD
769	9	136	9	AGGSGWLSD
770	9	78	7	VRGGGMH
771	9	81	10	ATDAGRSGSD
772	9	163	10	ATDAGRSGSD
773	9	44	18	ARNGENNKDYMGRWRWFD
774	9	32	11	ARNLVGERTVD
775	9	56	10	ARDIGAGWFD
776	9	48	18	ARPSRVVTPSGLGEYWFE
777	9	52	12	ASWWMAARPGFD
778	9	77	9	AGGTGWLES
779	9	39	19	ARDHSGFDIGPKFYYYGMD
780	9	54	23	ARDGIGSRIKETTVTFYYYYGMD
781	9	42	9	AGGTGWLVT
782	9	34	12	VRSSWYPYYGMD
783	9	43	11	VREASGMNGMD
784	9	126	15	ARDEDFYDISGLYID
785	9	53	18	ARSDILPGYFSPEYYYMD
786	9	64	12	ARGSFWSGNVLD
787	9	93	10	ARSGSYAAMN
788	9	83	13	ARGIAVAGYTYFD
789	9	37	15	VSVLTSIVGVTGALD
790	9	161	8	VRGFHGFD
791	9	107	12	TRVGPPGIDAFD
792	9	190	12	TRVGPPGIDAFD
793	9	38	12	TRVGPPGIDAFD
794	9	334	9	TVSYFNPSN
795	9	70	18	ARATYSGAHYDYYYYYMD
796	9	135	14	ASQLRHTSGYYFEP
797	9	32	14	TSGVISSDGSDDYD
798	9	38	14	TRIRKVGSTWSGFD
799	9	55	9	TRDIGGSRG
800	9	46	13	ARRKPEAAAGVFD
801	9	80	9	AREDFGGHD
802	9	56	16	AREAGDGYNSGWYYFD
803	9	82	14	ARMRKVGSVWSGFE
804	9	195	9	AGEVSGKND
805	9	70	6	TTDSMG
806	9	84	12	ARDAGALRGAFD
807	9	62	12	VALDLRRGRAVD
808	9	85	7	ARRDYFD
809	9	109	9	TRDIGGRRA
810	9	65	9	TRDIGGRRA
811	9	143	9	TRDIGGSRA
812	9	37	9	ARENYWKFD
813	9	35	14	ARDLRTVVDDHYFD
814	9	103	10	ARVSGGVPAN
815	9	119	12	ARSLAWLRYEAD
816	9	100	10	VRIATVQGAN
817	9	84	9	ATEFYGGLD
818	9	59	9	ARDLSGRHD
819	9	67	11	ARVRVADSSWA
820	9	42	5	VKTLT
821	9	45	9	ARDLSGRHD
822	9	289	9	ARDLSGRYD
823	9	118	11	ARDHNGYNWFD
824	9	125	11	VRAMVGMGWFD
825	9	39	9	AGYSWGGMD
826	9	34	25	VKDGDCSSTTCFGRPNDNFFYYGMD
827	9	46	16	VRGFQGGVLGPHYAMD
828	9	55	12	VRESGLSPLDLD
829	9	49	21	ARGDSGHYFDVGLKQYYYYMD
830	9	227	5	LRLEM
831	9	175	9	TRDIGGRRA
832	9	144	12	LRGCSNGVCFGA
833	9	251	12	LRGCSNGVCFGA
834	9	154	13	ARRKPEAAAGVFD
835	9	31	13	ARRKPEAAAGVFD
836	9	81	8	ARALGYEA
837	9	63	9	AGEVSGKND
838	9	108	14	ARGGAEGDYVNLFD
839	9	59	14	ARMRKVGSTWSGFD
840	9	88	9	SRDLSGRDD
841	9	59	9	SRDLIGRDD
842	9	34	9	SRDLCGRDD
843	9	62	8	ARGGPGSG
844	9	59	5	LRLER
845	9	128	12	TRENWQYVRAFD
846	9	33	10	ARALPYEGFD
847	9	98	8	ARSSVKPD
848	9	50	8	ASFIMGVP
849	9	51	9	AREASFIWD
850	9	43	9	VREYYFSAD
851	9	73	13	ATLMLVAAFDDFD
852	9	56	11	TRDLGWDHPPD
853	9	74	10	ATHSSSWAVD
854	9	107	16	ARDYDYDSGASYMAFD
855	9	107	12	ARGLNQGVGYGD
856	9	50	10	ASLGVKGEVD
857	9	159	9	VRLPVAGTG
858	9	62	15	VRDSSAYYSSGRFFD
859	9	49	9	ARDMVGPND
860	9	184	11	ARVRVADSSWA
861	9	1517	11	ARVRVADSSWA
862	9	234	11	ARVRVADSSWA
863	9	75	11	ARVRVADSSWA
864	9	334	11	ARVRVADSSWA
865	9	52	9	AKEMWATLD
866	9	210	9	AKEMWATLD
867	9	74	9	ANIVARQWS
868	9	42	10	VRGNKWFPLD
869	9	63	10	AKGGYQHTLD
870	9	43	13	ATESIPTLTYYMD
871	9	165	14	AKDGRGSWGAYAFD
872	9	51	13	VKGTTGYNSGHFD
873	9	102	11	ATDHGDLGRLD
874	9	67	9	GTDKAGDLE
875	9	54	6	WCPGKD
876	9	64	10	TMDLLPGGAD
877	9	131	24	AKDGTLDIVLVPAAMTGGYYYGLD
878	9	98	12	AKDRGRFFYGVE
879	9	133	15	AKDIRYVSTVYYGMD
880	9	161	15	AKDIRYVSTVYYGMD
881	9	84	10	GKDVKPGGLD
882	9	33	14	GKDYLEWVFTGGMD
883	9	273	10	VKDVTAGGAD
884	9	36	10	VKDVTAGGAD
885	9	36	17	AKSYSSIPSGETNDAFD
886	9	115	18	ARGVPRRGMVTGWGYHFD
887	9	106	17	AKDLRKAGTAASLYGMD
888	9	64	29	ARESATFEIAVPSGGDFDYRGQGIEGYFD
889	9	115	11	VREASGMNGMD
