#	Time	Size	CDR3 Length (AA)	v_gene	v_region	A.A. Seq
1	C	37	14	V3	V3	ARGYCNGGSCYQND
2	C	50	12	V3	V3	AKEGRVQRWHFD
3	C	38	16	V3	V3	ARDSGTCPNFNCHHFD
4	C	86	10	V3	V3	TTYRGASNFD
5	C	94	8	V3	V3	TRDPHALD
6	C	94	11	V3	V3	ARAYSASWYAG
7	C	248	10	V3	V3	ARDRAFSRYD
8	C	202	10	V3	V3	ARDRAFSRYD
9	C	123	18	V3	V3	AKDLQQTAASWHSYYGMD
10	C	117	19	V3	V3	VRDRGGWQLGVYHHYNGMD
11	C	167	15	V3	V3	VKDGPRHYYHYYYMD
12	C	331	13	V3-11	V3-11*01	ATHERYSTTASLG
13	C	56	15	V3-11	V3-11*01	VTHPLRAPASMQPND
14	C	99	18	V3-11	V3-11*05	ARDLFYGRWQRLLRVTGD
15	C	96	19	V3-11	V3-11*05	ARDGGGKRFHLLRTPYGMD
16	C	114	12	V3-13	V3-13*01	ARSKSGQGFHFD
17	C	72	7	V3-15	V3-15*01	MTVGSPP
18	C	68	10	V3-15	V3-15*01	TAGTGRTDND
19	C	90	11	V3-15	V3-15*01	TAIVGGNDEWD
20	C	67	9	V3-15	V3-15*01	TWSGVNYLA
21	C	60	11	V3-15	V3-15*07	TTAVVASIYVP
22	C	75	12	V3-15	V3-15*07	HTGFNGHNDAFD
23	C	56	11	V3-15	V3-15*07	NHGGYGDRAFD
24	C	66	11	V3-21	V3-21*01	ASLVGGTGSFD
25	C	75	10	V3-21	V3-21*01	AVWVRNDYFE
26	C	41	15	V3-21	V3-21*01	VSYDFWSGGRNEAFH
27	C	55	14	V3-21	V3-21*01	ARSNWDLPIPNWFD
28	C	45	15	V3-21	V3-21*01	ATAGSYGYNYYHYMD
29	C	44	14	V3-21	V3-21*01	ARDHSGSLILDYMD
30	C	40	15	V3-21	V3-21*02	ARDFCSGGDCYQYFD
31	C	109	12	V3-21	V3-21*02	ARVFHPRLGAMD
32	C	40	12	V3-23	V3-23*01	AKGRNHFFEYFQ
33	C	34	14	V3-23	V3-23*01	AREMNIGRPRNFFQ
34	C	35	13	V3-23	V3-23*01	SKDPNGDYIGAFD
35	C	43	16	V3-23	V3-23*01	AKGSSGSYRRLLYYFD
36	C	65	14	V3-23	V3-23*01	AKEKVPTTIVDSQD
37	C	51	17	V3-23	V3-23*01	AKDHRDGWWISYSWLMG
38	C	70	15	V3-23	V3-23*01	VKFRGAGDRGYYHMD
39	C	50	13	V3-23	V3-23*04	AKKPNWKNLYYFD
40	C	89	14	V3-23	V3-23*04	AKWGAQSGSGRYTD
41	C	52	13	V3-23	V3-23*04	AKKPNWKNLYYFD
42	C	40	12	V3-23	V3-23*04	AKNLMTGSACYD
43	C	145	13	V3-23	V3-23*04	AKSLREHSYEILD
44	C	59	13	V3-23	V3-23*04	VKKPNWKNLYYFD
45	C	32	12	V3-23	V3-23*04	AKDGEYSGSEFD
46	C	39	19	V3-23	V3-23*04	ARISSDGGYDTSGANSVFG
47	C	83	12	V3-23	V3-23*04	AKAYARIYFGMD
48	C	43	9	V3-23	V3-23*05	ATDPNWAGY
49	C	90	11	V3-23	V3-23*05	ASSPMDKSAFD
50	C	106	16	V3-23	V3-23*05	AKGSSGSYRRLLYYFD
51	C	236	14	V3-23	V3-23*05	AKEKVPTTIVDSQD
52	C	106	8	V3-23	V3-23*05	ANEIRPND
53	C	41	13	V3-23	V3-23*05	AKSGYNYSLKWFD
54	C	82	12	V3-23	V3-23*05	AKAYARIYFGMD
55	C	66	13	V3-30	V3-30*09	ASSRRLTTSPLVD
56	C	41	13	V3-30	V3-30*18	AKEGTPRSSNYFD
57	C	149	14	V3-30	V3-30*18	AKDWQWKELYYFLE
58	C	77	13	V3-30	V3-30*18	VKEEDSGWYRTAD
59	C	41	19	V3-30	V3-30*18	AKDTMTIAVVGNRFRYGMD
60	C	51	16	V3-30	V3-30*18	AKDRGNWNPYNYYGLD
61	C	46	15	V3-30	V3-30*18	AKDLQSNYDYYTGLD
62	C	40	14	V3-30	V3-30	AKDWQWKELYYFLE
63	C	41	13	V3-30-3	V3-30-3*01	MRGGWIQRWYEAD
64	C	100	16	V3-30-3	V3-30-3*01	ARGPQGSSGWLEWVGD
65	C	57	15	V3-30-3	V3-30-3*01	ARDPGSGINGGNYFG
66	C	42	20	V3-30-3	V3-30-3*01	ARDPLLSVITSAFFSPNYFD
67	C	73	13	V3-30-3	V3-30-3*03	AGGPQLGYYYGMD
68	C	34	14	V3-33	V3-33*01	ARAVGEGNSGGYFD
69	C	39	13	V3-33	V3-33*01	ARWAGTYPTYYFD
70	C	36	10	V3-33	V3-33*01	ARAVYTSALD
71	C	120	14	V3-33	V3-33*02	ARGYCNGGSCYQND
72	C	122	10	V3-33	V3-33*02	SRDIGYFDTD
73	C	149	14	V3-33	V3-33*05	AKSLSYYSSSSSPD
74	C	89	9	V3-43	V3-43*01	VKGRDDYGD
75	C	44	14	V3-43	V3-43*01	IRAGVAVVITACPG
76	C	202	7	V3-48	V3-48*02	ARDSSGS
77	C	77	13	V3-48	V3-48*02	AREDRVGGEGAFD
78	C	126	10	V3-48	V3-48*02	ATSLWDQLVD
79	C	84	10	V3-48	V3-48*02	ATSLWDQLPD
80	C	42	9	V3-48	V3-48*02	ARDQNWAFE
81	C	181	10	V3-48	V3-48*02	ARGWRENSFD
82	C	58	12	V3-48	V3-48*02	ARGRWFAEPYLD
83	C	80	10	V3-48	V3-48*02	ARDRAFSRYD
84	C	81	11	V3-48	V3-48*02	ARVWSSGWTLD
85	C	120	19	V3-48	V3-48*03	ARDIDYHDRRGDKWYDAFD
86	C	59	16	V3-48	V3-48*03	ARDSGTCPNFNCHHFD
87	C	49	16	V3-48	V3-48*03	ARDSGTCPNFNCHHFD
88	C	40	11	V3-48	V3-48*03	ARDSGRTGSWD
89	C	37	15	V3-48	V3-48*03	TRGYVGASRGHYGMD
90	C	61	22	V3-49	V3-49*02	TRDPSESCSGTDCYTRSVYGLD
91	C	64	22	V3-49	V3-49*02	TRDPSESCSGTDCYTRSVYGLD
92	C	95	9	V3-49	V3-49*03	TGGRGWLTD
93	C	67	12	V3-49	V3-49*03	ATSSCGDCFQVD
94	C	57	13	V3-53	V3-53*01	ARPRIGWDGYSLA
95	C	38	14	V3-53	V3-53*01	ARGGDNWNYGEGFE
96	C	42	13	V3-53	V3-53*01	ARGRTLDYGDYFD
97	C	63	13	V3-53	V3-53*01	ATSTRGWGPDGFD
98	C	69	13	V3-53	V3-53*01	ARDELNYADNAFD
99	C	32	16	V3-53	V3-53*01	ARDAPYYYASGSNAFD
100	C	92	10	V3-53	V3-53*01	ATGFSTIRPD
101	C	36	14	V3-53	V3-53*01	VRDGPPGGPDFFIG
102	C	118	14	V3-53	V3-53*01	VRESTGVGPKGFFD
103	C	52	5	V3-53	V3-53*01	ARDVG
104	C	55	5	V3-53	V3-53*01	GRDVG
105	C	32	11	V3-53	V3-53*02	ARESGTGYYFD
106	C	75	11	V3-53	V3-53*02	ARDGSGGYYFD
107	C	41	12	V3-53	V3-53*02	TSCQPLYYCGMD
108	C	46	13	V3-53	V3-53*03	ATSTRGWGPDGFD
109	C	43	10	V3-53	V3-53*03	ATGFSTIRPD
110	C	38	10	V3-53	V3-53*03	ATGFSTIRPD
111	C	40	12	V3-64	V3-64*01	AREGEDRRTALD
112	C	44	9	V3-7	V3-7*01	TRQGMHNFE
113	C	67	9	V3-7	V3-7*01	TRPWNDYVP
114	C	39	8	V3-7	V3-7*01	ARDFIYVT
115	C	67	8	V3-7	V3-7*01	TREKWIFD
116	C	37	9	V3-7	V3-7*01	AREFYWLFD
117	C	99	7	V3-7	V3-7*01	ARDLILS
118	C	37	15	V3-7	V3-7*01	ARDEDYYDSSGLYID
119	C	32	15	V3-7	V3-7*01	ARYCSGPRCPEYYFD
120	C	44	17	V3-7	V3-7*01	ARDDTKIDNSVYYDVLD
121	C	78	16	V3-7	V3-7*01	ARDLTPYSNNWYDALD
122	C	54	15	V3-7	V3-7*01	ASDAFSIGGTLDTFD
123	C	45	11	V3-7	V3-7*01	ASHMIQGGTFD
124	C	43	11	V3-7	V3-7*01	ASHMIQGGTFD
125	C	66	13	V3-7	V3-7*01	AKHSGRYYSDAFD
126	C	69	16	V3-7	V3-7*01	ARDLTPYSNNWYDALD
127	C	34	12	V3-7	V3-7*01	ARDPPGPGSYFD
128	C	47	15	V3-7	V3-7*01	ARDPSSDSSGWYYFD
129	C	48	15	V3-7	V3-7*01	ARGAYTGGWYPDYFD
130	C	47	9	V3-7	V3-7*01	AGGNGWLPE
131	C	35	9	V3-7	V3-7*01	VAGHGWLPD
132	C	35	10	V3-7	V3-7*01	ARNLGWQQFD
133	C	540	10	V3-7	V3-7*01	ARDRAFSRYD
134	C	36	10	V3-7	V3-7*01	ARDRAFSRYD
135	C	61	8	V3-7	V3-7*01	VVGRRGLD
136	C	116	8	V3-7	V3-7*01	TTDLNWNS
137	C	183	8	V3-7	V3-7*01	TTDLNWNC
138	C	45	9	V3-7	V3-7*01	ARHGFYSLD
139	C	47	9	V3-7	V3-7*01	AGGTGWLVS
140	C	41	14	V3-7	V3-7*01	TKNGDWTPYRHSLD
141	C	70	9	V3-7	V3-7*01	ARDYRYYMD
142	C	51	7	V3-7	V3-7*01	AGGDDSE
143	C	38	17	V3-7	V3-7*03	ARDADYFQNNMWYDGFD
144	C	133	14	V3-72	V3-72*01	VRVQAAGCYSCGMD
145	C	33	12	V3-73	V3-73*02	ARGLISTDQGFD
146	C	39	9	V3-74	V3-74*01	VRGGKGYFD
147	C	63	11	V3-74	V3-74*01	AREGEYNSPTT
148	C	139	9	V3-74	V3-74*01	ARDLGGSAG
149	C	2507	11	V3-74	V3-74*01	ARGGEYNSPTT
150	C	2585	11	V3-74	V3-74*01	ARGGEYNSPTT
151	C	613	11	V3-74	V3-74*01	ARGGEYNSPTT
152	C	54	11	V3-74	V3-74*01	ARGGEYNSPTT
153	C	40	11	V3-74	V3-74*01	ARGGEYNSPTT
154	C	96	11	V3-74	V3-74*01	ARGGEYNSPTT
155	C	113	11	V3-74	V3-74*01	ARGGEYNSPTT
156	C	61	11	V3-74	V3-74*01	ARGGEYNSPTT
157	C	31	11	V3-74	V3-74*01	ARGGEYNSPTT
158	C	87	11	V3-74	V3-74*01	ARGGEYNSPTA
159	C	52	11	V3-74	V3-74*01	ARGGEYNSPTA
160	C	425	11	V3-74	V3-74*01	ARGGEYNSPTS
161	C	127	11	V3-74	V3-74*01	ARGGEYNSPTS
162	C	356	11	V3-74	V3-74*01	VRGGEYNSPTT
163	C	45	19	V3-74	V3-74*01	ARHRPTSITVSGSIVDAFD
164	C	95	11	V3-74	V3-74*01	ARGGEYNSPTT
165	C	31	9	V3-74	V3-74*01	TRDLGGARG
166	C	45	9	V3-74	V3-74*01	AGDVSGKDD
167	C	81	9	V3-74	V3-74*01	TRDIGGRRA
168	C	124	9	V3-74	V3-74*01	TRDIGGRRA
169	C	141	9	V3-74	V3-74*01	TRDIGGRRA
170	C	68	9	V3-74	V3-74*01	TRDIGGRRA
171	C	77	9	V3-74	V3-74*01	TRDIGGKWA
172	C	343	9	V3-74	V3-74*01	ARDLSGPFD
173	C	53	11	V3-74	V3-74*01	ARGGEYNSPTT
174	C	289	11	V3-74	V3-74*01	ARGGEYNSPTT
175	C	58	9	V3-74	V3-74*01	AGDLSGRND
176	C	74	9	V3-74	V3-74*01	SRDLSGRDD
177	C	36	11	V3-74	V3-74*01	ARGGEYNSPTT
178	C	284	11	V3-74	V3-74*01	ARGGEYNSPTT
179	C	132	9	V3-74	V3-74*01	ARDLSGRHD
180	C	82	10	V3-74	V3-74*01	TRDPGRNWFD
181	C	85	13	V3-74	V3-74*01	ARPFINSLPDGFD
182	C	59	17	V3-74	V3-74*01	ARGTGRSIPRIEFQRFD
183	C	90	11	V3-74	V3-74*01	AREVANVNYMD
184	C	147	11	V3-74	V3-74*02	ARGGEYNSPTT
185	C	34	11	V3-74	V3-74*02	ARGGEYNSPTT
186	C	35	11	V3-74	V3-74*02	ARGGEYNSPTT
187	C	105	11	V3-74	V3-74*02	ARGGEYNSPTT
188	C	63	11	V3-74	V3-74*02	ARGGEYNSPTT
189	C	112	11	V3-74	V3-74*02	ARGGEYNSPTA
190	C	110	9	V3-74	V3-74*02	AGDLSGRND
191	C	58	13	V3-74	V3-74*02	VYDSTGYYHVPGD
192	C	67	9	V3-74	V3-74*02	SRDLSGRDD
193	C	60	10	V3-74	V3-74*02	TRDPGRNWFD
194	C	105	13	V3-74	V3-74*02	ARPFINSLPDGFD
195	C	82	10	V3-74	V3-74*02	ARDPGRNWFD
196	C	48	10	V3-74	V3-74*02	ARDPGRNWFD
197	C	289	16	V3-74	V3-74*02	AREGITAGDYYYYAMD
198	C	50	11	V3-74	V3-74*03	ARGGEYNSPTT
199	C	34	10	V3-74	V3-74*03	VTADGVTSAL
200	C	158	10	V3-74	V3-74*03	ARDVPHSNFD
201	C	41	14	V3-74	V3-74*03	TRPNWGSRLPGAFD
202	C	37	12	V3-74	V3-74*03	TSPMMGYSLGYS
203	C	52	17	V3-74	V3-74*03	AKLGAITAANPNGDALD
204	C	148	14	V3-74	V3-74*03	ARPNWGSTLPGAFD
205	C	98	14	V3-74	V3-74*03	ARPNWGSTLPGAFD
206	C	53	14	V3-74	V3-74*03	ARPNWGSTLPGAFD
207	C	138	14	V3-74	V3-74*03	ARPNWGSTLPGAFD
208	C	46	14	V3-74	V3-74*03	ARPNWGSTLPGAFD
209	C	267	14	V3-74	V3-74*03	ARPNWGSTLPGAFD
210	C	301	14	V3-74	V3-74*03	ARPNWGSTLPGAFD
211	C	122	14	V3-74	V3-74*03	ARPNWGSTLPGAFD
212	C	68	8	V3-74	V3-74*03	TRGNWGFD
213	C	59	14	V3-74	V3-74*03	ATFRSVYYGAGSPD
214	C	120	7	V3-74	V3-74*03	ARRDYFD
215	C	74	12	V3-74	V3-74*03	ARVVGGTRGSAD
216	C	2278	13	V3-74	V3-74*03	ARPFINSLPDGFD
217	C	169	13	V3-74	V3-74*03	ARPFINSLPDGFD
218	C	56	13	V3-74	V3-74*03	ARPFINSLPDGFD
219	C	75	13	V3-74	V3-74*03	ARPFINSLPDGFD
220	C	55	19	V3-74	V3-74*03	VKVNAFGRYEGVNYNYYMD
221	C	142	10	V3-9	V3-9*01	IKDILPGGLD
222	C	98	15	V3-9	V3-9*01	ARDIRNHYDSSGYFG
223	C	157	14	V3-9	V3-9*01	VRHRQHGSEGSPFD
224	C	93	14	V3-9	V3-9*01	VRHRQHGSEGSPFD
225	C	220	16	V3-9	V3-9*01	LGLGLNDNGDYFEPYD
226	C	83	10	V3-9	V3-9*01	IKDVTAGGLD
227	C	38	18	V3-9	V3-9*01	AKDSLRSAYSISAWYDMD
228	C	196	14	V3-9	V3-9*02	AKSQQLDYYYYGFD
229	C	108	15	V3-9	V3-9*03	VKGTATVTTQADVFE
230	C	120	11	V3/OR16-13	V3/OR16-13*01	ARGGEYNSPTT
231	C	168	11	V3/OR16-13	V3/OR16-13*01	ARGGEYNSPTT
232	C	50	11	V3/OR16-13	V3/OR16-13*01	ARGGEYNSPTS
233	C	70	17	V3/OR16-13	V3/OR16-13*01	ARDHYSGSGNYWGGAPN
234	C	76	14	V3/OR16-13	V3/OR16-13*01	ARPNWGSTLPGAFD
235	A	113	13	V3	V3	AKWNGLNFVDAFD
236	A	71	16	V3	V3	AREGLRSRISSGDAFD
237	A	122	12	V3	V3	AKEGRFDSSSFD
238	A	38	16	V3	V3	ARDYDTFTGTKTDNFD
239	A	134	9	V3	V3	ARGPGWLVD
240	A	80	18	V3	V3	ARDKGNFDWELRGGYWFD
241	A	104	21	V3	V3	ARSRDGSGSYWGREYDYFYMD
242	A	31	21	V3	V3	ARSGDGSGSHWGRDYFYYYMD
243	A	34	21	V3	V3	ARSGDGSGSHRGRDYFYYYMD
244	A	60	21	V3	V3	ARSGDGSGSHWGRDYFYYYMD
245	A	56	13	V3-11	V3-11*01	ATHERYSTTASLH
246	A	37	17	V3-11	V3-11*04	ARDFGRKLNVPAAGVPG
247	A	44	5	V3-11	V3-11*04	AHSVN
248	A	35	26	V3-13	V3-13*01	AGGPVDGNIWEAGRPCDLEADLSHLD
249	A	51	8	V3-13	V3-13*01	ATGRDGWD
250	A	90	8	V3-15	V3-15*01	TTGSMVLG
251	A	126	8	V3-15	V3-15*01	TTGSMVLG
252	A	34	8	V3-15	V3-15*01	TTGSMVLG
253	A	91	8	V3-15	V3-15*01	TTGSMVLG
254	A	49	14	V3-15	V3-15*01	ATDWSHPGLRGMGP
255	A	37	6	V3-15	V3-15*01	TTDTGA
256	A	39	14	V3-15	V3-15*01	TTDLPLTRGLVPSA
257	A	94	6	V3-15	V3-15*01	TTDSGA
258	A	43	10	V3-15	V3-15*01	STDLGIYGLD
259	A	40	6	V3-15	V3-15*02	TTEDLR
260	A	126	11	V3-15	V3-15*02	TTYYYDSVRFG
261	A	53	17	V3-21	V3-21*01	ARDGFYDSSGYYYGAFD
262	A	143	10	V3-21	V3-21*01	VTTSRSIPFD
263	A	66	15	V3-21	V3-21*01	ARPLEDQLVDYYYMD
264	A	51	5	V3-21	V3-21*01	VRNMD
265	A	59	12	V3-21	V3-21*02	TRDFAVDARAYD
266	A	32	12	V3-23	V3-23*01	TKRYYYDSGALE
267	A	36	10	V3-23	V3-23*01	VKDSLRYSFD
268	A	179	12	V3-23	V3-23*01	ARHTDGWFRGFD
269	A	66	15	V3-23	V3-23*01	GKVRQPMDYYWHGVD
270	A	40	22	V3-23	V3-23*01	AREAVYEFWRGSNRAPYYYYMD
271	A	72	14	V3-23	V3-23*04	AKASGNSYGREYSD
272	A	55	12	V3-23	V3-23*04	AKNLMTGSACYD
273	A	58	13	V3-23	V3-23*04	AKVARWLKLGESD
274	A	31	10	V3-23	V3-23*04	VKDSLGYSFD
275	A	35	10	V3-23	V3-23*04	AKGGSISWFH
276	A	59	15	V3-23	V3-23*04	AKVISLTDYYWYGMD
277	A	34	14	V3-23	V3-23*04	ARDWWLPRNYYGMD
278	A	76	17	V3-23	V3-23*04	ARVEGGDHVKYYYYGMD
279	A	45	16	V3-23	V3-23*05	AKPIYYYDGSGQPDFD
280	A	80	13	V3-23	V3-23*05	AKDRDDYGDYDFD
281	A	97	14	V3-23	V3-23*05	AKEKAATAFIDSQD
282	A	40	24	V3-23	V3-23*05	ARVESSYDLVWGIYRAGYYHSYMD
283	A	70	16	V3-30	V3-30*03	ARQGKFKAFAVTIMMD
284	A	35	12	V3-30	V3-30*18	AKDRWDGGYYFD
285	A	115	14	V3-30	V3-30*18	AKEFRGGLDATAGG
286	A	54	11	V3-30	V3-30*18	AKIISQTANGD
287	A	69	12	V3-30	V3-30*18	AKDRTSGGRQVD
288	A	59	12	V3-30	V3-30*18	AKADAPIMGAFD
289	A	38	10	V3-30	V3-30*18	AKGGGDYSFD
290	A	34	17	V3-30	V3-30*18	VKGPAHCSKTSCYGGFD
291	A	95	10	V3-30	V3-30*18	IKDVGFFDSY
292	A	58	13	V3-30	V3-30	MILPAKKLAPIDD
293	A	35	13	V3-30	V3-30	MILPAKKLAPVDD
294	A	129	14	V3-30-3	V3-30-3*01	ARLPTTTETTGDFD
295	A	33	10	V3-30-3	V3-30-3*01	ARDSSQYFFD
296	A	85	8	V3-30-3	V3-30-3*01	VGAIGYFD
297	A	85	11	V3-30-3	V3-30-3*03	ARGGMIPFGLD
298	A	37	16	V3-33	V3-33*01	ARGATSGTSYSSGFED
299	A	32	10	V3-33	V3-33*01	ARDGGFREFD
300	A	44	13	V3-33	V3-33*01	ARLAYRNLLGGLD
301	A	72	13	V3-33	V3-33*01	ARLAYSNLLGGLD
302	A	53	11	V3-33	V3-33*02	ARVGSGSYSLD
303	A	69	11	V3-33	V3-33*02	ARLTSGWFSVD
304	A	57	10	V3-33	V3-33*02	ARDISFFALD
305	A	34	13	V3-43	V3-43*01	AKAECADNCYLTD
306	A	31	13	V3-48	V3-48*02	TRGRMYDSIGYYD
307	A	39	9	V3-48	V3-48*02	VRLNDWYFD
308	A	34	9	V3-48	V3-48*02	ATDLHWAFD
309	A	84	10	V3-48	V3-48*02	ATYNQRPPVD
310	A	32	8	V3-48	V3-48*02	ARDPHALD
311	A	55	9	V3-48	V3-48*02	ARQVLGDFD
312	A	59	18	V3-48	V3-48*03	ARERDFCGLSSCSGGILD
313	A	42	14	V3-48	V3-48*03	ARRRGVATGEKYFD
314	A	31	8	V3-48	V3-48*03	ARNSGIWS
315	A	41	7	V3-48	V3-48*03	ARGNPSP
316	A	75	15	V3-48	V3-48*03	ARDRGDFYDSPDRLD
317	A	111	11	V3-49	V3-49*02	TRDPHGDDFRG
318	A	64	10	V3-49	V3-49*02	ARGGDRNWFD
319	A	65	7	V3-49	V3-49*03	ALGGAAL
320	A	32	10	V3-49	V3-49*04	TRHISLLMGG
321	A	82	11	V3-49	V3-49*04	TRDPHGDDFRG
322	A	43	18	V3-49	V3-49*04	AREEGATRTDLAEYYGMD
323	A	33	9	V3-53	V3-53*01	TREANWGPW
324	A	37	9	V3-53	V3-53*01	ARGARGYSC
325	A	31	16	V3-53	V3-53*01	ASSLCSGGSCYAGHFH
326	A	35	15	V3-53	V3-53*01	ARDLIARAGPVRYFD
327	A	55	6	V3-53	V3-53*01	TRGTAG
328	A	80	15	V3-53	V3-53*01	ARGYCPDGICNNNPE
329	A	48	15	V3-53	V3-53*01	ARGYCPDGICNNNPE
330	A	70	14	V3-53	V3-53*01	AREDRRVGTSPYFD
331	A	53	15	V3-53	V3-53*01	ARGHCSNGVCDNNPD
332	A	50	5	V3-53	V3-53*01	GRDVG
333	A	57	21	V3-53	V3-53*01	ARSRDGSGRNWGRDYDYFYMD
334	A	53	21	V3-53	V3-53*01	ARSRDGSGSYRGRDYDFFYMD
335	A	33	21	V3-53	V3-53*01	ARSRDGSGSYWGREYDYFYMD
336	A	46	21	V3-53	V3-53*01	ARSRDGSGSYWGRDYYYFYMD
337	A	109	21	V3-53	V3-53*01	ARSGDGSGSHWGRDYFYYYMD
338	A	51	21	V3-53	V3-53*01	ARSGDGSGSHWGRDYFYYYMD
339	A	51	21	V3-53	V3-53*01	ARSGDGSGSHRGRDYFYYYMD
340	A	77	21	V3-53	V3-53*01	ARSGDGSGSHRGRDYFYYYMD
341	A	90	21	V3-53	V3-53*01	ARSGDGSGSHWGRDYFYYYMD
342	A	68	21	V3-53	V3-53*01	ARSGDGSGSHWGRDYFYFYMD
343	A	68	21	V3-53	V3-53*01	ARSGDGSGSQWGRDYFYYYMD
344	A	80	21	V3-53	V3-53*01	ARSGDGSGSQWGRSYFYFYMD
345	A	31	21	V3-53	V3-53*01	ARSGDGSGSQWGRSYFYFYMD
346	A	55	21	V3-53	V3-53*02	ARSGDGSGSHWGRDYFYYYMD
347	A	38	12	V3-53	V3-53*03	VGPYNAYDWAMF
348	A	73	15	V3-66	V3-66*03	ARGYCPDGICNNNPE
349	A	37	15	V3-7	V3-7*01	ARQSFRGQSGYERSD
350	A	54	8	V3-7	V3-7*01	ARDPWELL
351	A	43	5	V3-7	V3-7*01	ASNSR
352	A	113	8	V3-7	V3-7*01	VSGYSYGY
353	A	61	12	V3-7	V3-7*01	ARGIFGDSVAFD
354	A	39	7	V3-7	V3-7*01	ACWASTN
355	A	35	8	V3-7	V3-7*01	ARENWAID
356	A	67	8	V3-7	V3-7*01	ARENWAID
357	A	140	9	V3-7	V3-7*01	ARDEDGAFD
358	A	110	8	V3-7	V3-7*01	ARDFFKVD
359	A	69	10	V3-7	V3-7*01	ARFYFGLSFD
360	A	264	16	V3-7	V3-7*01	VRDRGKGSGGYSSPFD
361	A	56	9	V3-7	V3-7*01	VGGSGWLPD
362	A	71	25	V3-7	V3-7*01	ARDRGESTANERRRWLQLWFRGWFD
363	A	109	9	V3-7	V3-7*01	AGGSGWLSD
364	A	73	14	V3-7	V3-7*01	ARDRGIGGRSWIFD
365	A	133	16	V3-7	V3-7*01	ARAIGRESDSPYNWFD
366	A	34	15	V3-7	V3-7*01	SRPTGPAGSGWTPGG
367	A	94	7	V3-7	V3-7*01	ARGRGLD
368	A	89	7	V3-7	V3-7*01	ARGRGLD
369	A	34	10	V3-72	V3-72*01	TVSIAGALNQ
370	A	100	17	V3-72	V3-72*01	ARGDYDFWSGYYYWYFD
371	A	52	13	V3-72	V3-72*01	TRDGGDSKWSKFD
372	A	45	18	V3-72	V3-72*01	VRAKYSGMHYDYYYYYMD
373	A	47	14	V3-73	V3-73*01	TRGPSDYGDYGWFD
374	A	45	15	V3-73	V3-73*01	ARAGGLITGTTYAMD
375	A	58	9	V3-74	V3-74*01	AREDFGGKD
376	A	34	14	V3-74	V3-74*01	ARMRKVGSTWSGFE
377	A	54	7	V3-74	V3-74*01	VGGGYLP
378	A	43	9	V3-74	V3-74*01	TRDIGGRRA
379	A	51	9	V3-74	V3-74*01	TRDIGGSRG
380	A	68	9	V3-74	V3-74*01	TRDIGGSRG
381	A	46	8	V3-74	V3-74*01	IFSNSSFD
382	A	155	10	V3-74	V3-74*01	ARAYPYESFD
383	A	46	14	V3-74	V3-74*01	ARMRKVGTTWSGFE
384	A	69	12	V3-74	V3-74*01	AGEHPWDRSAID
385	A	42	13	V3-74	V3-74*01	ARDQTMRGPTTTD
386	A	63	9	V3-74	V3-74*01	ARSRWYSFD
387	A	34	8	V3-74	V3-74*01	VRDRNGYN
388	A	87	9	V3-74	V3-74*01	SRDLSGRDD
389	A	39	14	V3-74	V3-74*01	ASHHESSLSWGPMD
390	A	81	11	V3-74	V3-74*01	VRGHIKGFYLD
391	A	96	12	V3-74	V3-74*02	LRGCSNGVCFGA
392	A	48	10	V3-74	V3-74*02	ARDSRGGTLD
393	A	116	14	V3-74	V3-74*02	VGGCTNGVCYGQNG
394	A	39	9	V3-74	V3-74*02	SRDLSGRDD
395	A	42	12	V3-74	V3-74*03	TRENWQYVRAFD
396	A	76	12	V3-74	V3-74*03	TRENWEYVRAFD
397	A	42	12	V3-74	V3-74*03	TRENWQYVRAFD
398	A	77	10	V3-74	V3-74*03	TRGNAGGQFD
399	A	49	12	V3-74	V3-74*03	ARGLNEGVAYGD
400	A	32	12	V3-74	V3-74*03	ARGLNEGVAYGD
401	A	48	12	V3-74	V3-74*03	ARGLNEGVAYGD
402	A	51	8	V3-74	V3-74*03	ASFIMGVP
403	A	42	10	V3-74	V3-74*03	VRDVPHSNFD
404	A	90	8	V3-74	V3-74*03	IISNSTFD
405	A	39	12	V3-74	V3-74*03	ARGGEYVWDVID
406	A	95	10	V3-74	V3-74*03	ARSFPYEGFD
407	A	35	12	V3-74	V3-74*03	ARGLNQGVGYGD
408	A	52	12	V3-74	V3-74*03	ARGLNEGVAFGD
409	A	33	10	V3-74	V3-74*03	ARDPPMGLVD
410	A	49	9	V3-74	V3-74*03	ARSRWYSFD
411	A	38	9	V3-74	V3-74*03	AREMWATLD
412	A	44	17	V3-74	V3-74*03	ARGQFYGPILGYNNYMD
413	A	65	17	V3-9	V3-9*01	RKHRFYHFFLLNEDDFD
414	A	39	12	V3-9	V3-9*01	AKARMLEYDALD
415	A	38	12	V3-9	V3-9*01	AKGGYQLLSKKD
416	A	44	9	V3-9	V3-9*01	GTDKAGDLE
417	A	55	10	V3-9	V3-9*02	VKDITAGGAD
418	A	50	14	V3-9	V3-9*03	AKDSGLSLELAVID
419	A	130	10	V3/OR16-13	V3/OR16-13*01	ARAYPYESFD
420	A	197	12	V3/OR16-13	V3/OR16-13*01	ARALSGTYYYFD
421	A	100	14	V3/OR16-13	V3/OR16-13*01	VRDLTLETTGPHYD
422	B	201	14	V3	V3	TRGAIGRSGYPLFR
423	B	129	18	V3	V3	AKDLGPSSFYDTRGFDFG
424	B	35	9	V3	V3	ARDFYYYFD
425	B	33	11	V3	V3	ASQAPRVGAPR
426	B	78	14	V3	V3	AKEFRGGLDATAGG
427	B	93	13	V3	V3	AKWNGLNFVDAFD
428	B	67	7	V3	V3	AGHTELD
429	B	114	9	V3	V3	ATGKGYLID
430	B	86	10	V3	V3	ATYNRRPQVD
431	B	34	10	V3	V3	ATYNRRPQVD
432	B	94	12	V3	V3	ARGGSTTSWYWV
433	B	113	9	V3	V3	ARLWGFAPH
434	B	109	18	V3	V3	ASAGPGYCSGSVCSRGFD
435	B	236	13	V3	V3	SRDCCDRDENMYD
436	B	358	18	V3	V3	ARDPNSASGAYWAYNRFD
437	B	76	18	V3	V3	ARGTHYCSSTSCYVNWLD
438	B	245	9	V3	V3	ARDYYYYID
439	B	63	19	V3	V3	AREYYDDSGSVSYYNYYMD
440	B	47	38	V3-11	V3-11*01	ARRRGGPGALVLPTGRFVFWDLRARGIGIADWKICVFE
441	B	39	15	V3-11	V3-11*01	ARAIRGWHFGSAWFD
442	B	148	16	V3-11	V3-11*01	ASPATYCGGECHNWFA
443	B	58	17	V3-11	V3-11*04	ARDFGRRLNVPAAGLSG
444	B	32	9	V3-11	V3-11*04	AREFFYKFD
445	B	245	9	V3-11	V3-11*04	ARAVAGALD
446	B	88	8	V3-11	V3-11*04	ARWVGGFD
447	B	46	9	V3-11	V3-11*04	ARPRIGTFD
448	B	108	11	V3-11	V3-11*04	ARDRVWFGELN
449	B	36	12	V3-11	V3-11*05	ASPYDISWLGFQ
450	B	60	8	V3-11	V3-11*05	AWPVRMPN
451	B	69	8	V3-11	V3-11*06	TRDPRLLD
452	B	88	9	V3-11	V3-11	ARENFYKFD
453	B	35	8	V3-13	V3-13*01	ATGRDGWD
454	B	42	8	V3-13	V3-13*01	VTGRDGWD
455	B	65	18	V3-13	V3-13*01	ARGTSVAGADFSFYSGMD
456	B	33	7	V3-15	V3-15*01	IAVGSPP
457	B	86	10	V3-15	V3-15*01	NTDRFASPVD
458	B	70	13	V3-15	V3-15*01	TTERTEFFEDAFD
459	B	48	11	V3-15	V3-15*01	TAIVGGNDEWD
460	B	325	11	V3-15	V3-15*01	TAIVGVNDEWD
461	B	55	11	V3-15	V3-15*01	TSIVGSYDQWD
462	B	94	9	V3-15	V3-15*01	ITDPGYWPD
463	B	66	11	V3-15	V3-15*01	TAIVGGDDEWD
464	B	90	11	V3-15	V3-15*01	TAIVGGDDEWD
465	B	55	10	V3-15	V3-15*01	TTDNWVYAMD
466	B	57	10	V3-15	V3-15*01	STDLGLYGLD
467	B	43	10	V3-15	V3-15*01	STDIGYYGLD
468	B	31	10	V3-15	V3-15*01	ATDTNRRHVD
469	B	102	6	V3-15	V3-15*05	TTDSGA
470	B	34	7	V3-15	V3-15*06	MTVGSPP
471	B	32	14	V3-15	V3-15*07	IAEVDCSGGRCYSG
472	B	266	9	V3-15	V3-15*07	ITDPGYWPD
473	B	66	10	V3-15	V3-15*07	VADNEDDGIP
474	B	38	15	V3-21	V3-21*01	ARDLPGWTRGGWYFD
475	B	355	12	V3-21	V3-21*01	AIGGYTSSWYWR
476	B	35	10	V3-21	V3-21*01	ATWGQGGAFD
477	B	85	14	V3-21	V3-21*01	SRGSGDYLRNDAFE
478	B	122	14	V3-21	V3-21*01	SRGSGDYLRTDAFE
479	B	46	12	V3-21	V3-21*01	ARDSTVTNGEFD
480	B	108	13	V3-21	V3-21*01	ARAQSSGWYDFPD
481	B	80	8	V3-21	V3-21*01	ARGGGAPD
482	B	36	18	V3-21	V3-21*01	ARGSASDFWSGYPTFGNE
483	B	32	13	V3-21	V3-21*01	ARYDYVWGRTPPD
484	B	121	11	V3-21	V3-21*01	ARWLQLDGSFD
485	B	55	11	V3-21	V3-21*01	ARLVGAAYYFD
486	B	349	10	V3-21	V3-21*01	ARFHFGLPFD
487	B	111	10	V3-21	V3-21*01	ASYNDYGHPA
488	B	57	12	V3-21	V3-21*01	VRHTQRPTYYFD
489	B	46	10	V3-21	V3-21*01	ARDPPGLGMD
490	B	45	17	V3-21	V3-21*01	ARARIHFADRSGRYGLD
491	B	42	16	V3-21	V3-21*01	ARGSDYYDDPYHFDMH
492	B	57	19	V3-21	V3-21*01	ARDNDGDLADYYYYYYYMD
493	B	81	11	V3-21	V3-21*02	ARDPYPRGRLE
494	B	38	12	V3-21	V3-21*02	ASIPVAGSWYFD
495	B	31	16	V3-21	V3-21*02	VRDGWLKFRGLPDAFD
496	B	71	20	V3-21	V3-21*02	AREELTQGHCTTTSCLNYFD
497	B	134	10	V3-23	V3-23*01	AKDIWAWTFD
498	B	54	10	V3-23	V3-23*01	VKDSLGYSFD
499	B	56	15	V3-23	V3-23*01	AKDKYWELVRSGYFD
500	B	42	5	V3-23	V3-23*01	AKDLH
501	B	70	8	V3-23	V3-23*01	TRWSGFGD
502	B	48	14	V3-23	V3-23*01	AKVYSASGIDFSWD
503	B	212	15	V3-23	V3-23*01	ARDYNYMTGYHSDLG
504	B	44	12	V3-23	V3-23*01	AKDGGPGRGAFD
505	B	64	13	V3-23	V3-23*01	AKGRRDWVHDAFD
506	B	31	13	V3-23	V3-23*01	AKDRDDYGDFDFD
507	B	90	14	V3-23	V3-23*01	AKDDYCGLGGCSFD
508	B	32	16	V3-23	V3-23*01	AKDWEYYYDSSGAFPD
509	B	50	16	V3-23	V3-23*01	AKDWEYYYDSSGAFPD
510	B	45	16	V3-23	V3-23*01	AKDNPLDDGIWLGLID
511	B	65	10	V3-23	V3-23*01	AKDVLGWTFD
512	B	53	19	V3-23	V3-23*01	AKGHEESLLYEAVSVDYFD
513	B	60	13	V3-23	V3-23*01	AKVSTVATIHYFD
514	B	101	13	V3-23	V3-23*01	AKDRTDFGDFDFD
515	B	58	12	V3-23	V3-23*01	AKDGAADVYYFD
516	B	46	8	V3-23	V3-23*01	AKEEVPND
517	B	44	8	V3-23	V3-23*01	ATEEVPND
518	B	67	10	V3-23	V3-23*01	VKDSLGYSFD
519	B	101	10	V3-23	V3-23*01	VKDSLGYSFD
520	B	37	14	V3-23	V3-23*01	AKVGRENSIDMWFD
521	B	50	16	V3-23	V3-23*01	TKDGIVVAATYFYYMD
522	B	103	14	V3-23	V3-23*01	AKDGHNVIYYYYMD
523	B	60	8	V3-23	V3-23*02	AKEEVPND
524	B	31	14	V3-23	V3-23*04	AKEIRGPTIVRYFD
525	B	38	16	V3-23	V3-23*04	HFAPYYDFWTGDDTSD
526	B	31	16	V3-23	V3-23*04	AKFRTEWDLLGENGFD
527	B	54	10	V3-23	V3-23*04	VKDRGSIFGD
528	B	62	15	V3-23	V3-23*04	AKLGTTVKPKDMLLD
529	B	82	14	V3-23	V3-23*04	AKASGNSYGREYSD
530	B	80	15	V3-23	V3-23*04	AKSRSGWYCPACYFD
531	B	36	11	V3-23	V3-23*04	AKPPPAGFFFD
532	B	32	11	V3-23	V3-23*04	AKENAYNRAFD
533	B	83	14	V3-23	V3-23*04	AKCRWELLDQNFFA
534	B	48	14	V3-23	V3-23*04	AKCRWELLDQNFFA
535	B	127	23	V3-23	V3-23*04	ARVRNVDYYDRSGLFRPSRYYFD
536	B	97	12	V3-23	V3-23*04	VKAQSGNLPQFD
537	B	176	13	V3-23	V3-23*04	AKDVDDYGDYVSD
538	B	238	14	V3-23	V3-23*04	AKDWGIGVAGTPID
539	B	37	11	V3-23	V3-23*04	AKPNGRGNWFD
540	B	133	15	V3-23	V3-23*04	ARDFRVEVVADDWLD
541	B	101	10	V3-23	V3-23*04	VKDRGAIFGD
542	B	42	15	V3-23	V3-23*04	AKMKGPGRHQDYGMD
543	B	36	18	V3-23	V3-23*04	AKWGDSWSGYPFYYHGMD
544	B	40	12	V3-23	V3-23*04	ARRNHLFDYGMD
545	B	47	10	V3-23	V3-23*04	VKDRGTIFGD
546	B	40	13	V3-23	V3-23*04	AKDSSSWIYYYMD
547	B	36	10	V3-23	V3-23*05	TTVRGIGSCP
548	B	64	14	V3-23	V3-23*05	AKEIRGPTIVRYFD
549	B	115	14	V3-23	V3-23*05	AKDLHMITFGGVPS
550	B	98	19	V3-23	V3-23*05	AKGQPSSPDYYDSSAYYPE
551	B	60	15	V3-23	V3-23*05	AKGGCGDGNCWALVF
552	B	39	14	V3-23	V3-23*05	AKFGQDWDQWELLG
553	B	45	9	V3-23	V3-23*05	ATDPNWAGY
554	B	47	9	V3-23	V3-23*05	ATDPNWAGY
555	B	41	10	V3-23	V3-23*05	AAIVIPATNI
556	B	96	11	V3-23	V3-23*05	ASQAPRVGAPR
557	B	44	11	V3-23	V3-23*05	ASQAPRVGAPR
558	B	99	11	V3-23	V3-23*05	AKDPRSADAFD
559	B	126	16	V3-23	V3-23*05	AKDWEYYYDSSGAFPD
560	B	35	10	V3-23	V3-23*05	AKDIYHWEFD
561	B	131	13	V3-23	V3-23*05	AKDREGRRTEEFD
562	B	37	13	V3-23	V3-23*05	AKGPQYQLVWYFD
563	B	265	10	V3-23	V3-23*05	VKDKGAIFGD
564	B	134	8	V3-23	V3-23*05	VKGLRAMH
565	B	40	12	V3-23	V3-23*05	AKDWGGYGSVFD
566	B	290	9	V3-23	V3-23*05	ATDPNWGGY
567	B	263	9	V3-23	V3-23*05	ATDPNWGGY
568	B	47	12	V3-23	V3-23*05	ARDRIGNSGWID
569	B	36	17	V3-23	V3-23*05	AKEIQGFIYQTGLGVFD
570	B	81	14	V3-23	V3-23*05	AKVGHNLDHWALLG
571	B	81	14	V3-23	V3-23*05	AKVGHNLDHWALLG
572	B	198	9	V3-23	V3-23*05	ATDPNWGGY
573	B	52	16	V3-23	V3-23*05	AKDPQVAYYYYYYYMD
574	B	192	15	V3-30	V3-30*03	AREPWGSHRYGDTTD
575	B	52	12	V3-30	V3-30*03	ANGAFGGRPDFD
576	B	80	12	V3-30	V3-30*03	ANGAFGGRPDFD
577	B	59	16	V3-30	V3-30*03	AKDDASGRYSYYNGVD
578	B	156	13	V3-30	V3-30*18	AKGYGLVLMYYFD
579	B	130	12	V3-30	V3-30*18	TKEGRVENWHFD
580	B	105	15	V3-30	V3-30*18	ATLMGHDYGAIRAFD
581	B	132	14	V3-30	V3-30*18	AKEFRGGLDATAGG
582	B	200	14	V3-30	V3-30*18	AKEFRGGLDATAGG
583	B	99	14	V3-30	V3-30*18	AKEFRGGLDATAGG
584	B	39	16	V3-30	V3-30*18	AKSPCSDGTCDLYYFD
585	B	73	11	V3-30	V3-30*18	AKSDGGYYAFD
586	B	145	14	V3-30	V3-30*18	AKDEGDRSLEYYFD
587	B	147	14	V3-30	V3-30*18	AKGGGGGGGNTELG
588	B	45	17	V3-30	V3-30*18	AKGPSHCTSTSCYGGFD
589	B	85	10	V3-30	V3-30*18	AKGGGDYSFD
590	B	45	16	V3-30	V3-30*18	VKSTCSDGNCNLYYFD
591	B	41	14	V3-30	V3-30*18	AKDLYGSGWYNYFD
592	B	39	8	V3-30	V3-30*18	AKFNGGFD
593	B	32	16	V3-30	V3-30*18	AKDRSQYNWKDVSAMD
594	B	43	16	V3-30	V3-30*18	VKEMEAGGDDFYYGMD
595	B	35	20	V3-30	V3-30*18	AKGVVRWGHELNGDYYHYMD
596	B	106	9	V3-30	V3-30	GLSKVGATD
597	B	41	11	V3-30	V3-30	ATSPNGGSRLV
598	B	40	13	V3-30	V3-30	AKGRGYSTTGGMD
599	B	37	11	V3-30-3	V3-30-3*01	ARELGSDFELD
600	B	85	9	V3-30-3	V3-30-3*01	VRDFQNGGD
601	B	42	14	V3-30-3	V3-30-3*01	ARLPTTTETTGDFD
602	B	138	15	V3-30-3	V3-30-3*01	ARDPGSGINGGNYFG
603	B	78	11	V3-30-3	V3-30-3*01	ARVAAIAPYPD
604	B	144	11	V3-30-3	V3-30-3*01	ARELGADFELD
605	B	99	12	V3-30-3	V3-30-3*01	AREIYLPKWFFD
606	B	192	15	V3-30-3	V3-30-3*02	AKPLSSSVVATSGND
607	B	247	14	V3-33	V3-33*01	ARAVGEGNSGGYFD
608	B	48	15	V3-33	V3-33*01	ARERPLTSGASDVFD
609	B	34	13	V3-33	V3-33*01	ARDDGNGTPGPFG
610	B	71	15	V3-33	V3-33*01	ARDCSALGPNKDYFD
611	B	184	11	V3-33	V3-33*01	ARGRTAWSFFD
612	B	53	10	V3-33	V3-33*01	ARGYISSWGD
613	B	35	17	V3-33	V3-33*01	ARNSYYFESSGVLGWSD
614	B	91	12	V3-33	V3-33*01	ARMRRLGGNGPD
615	B	47	16	V3-33	V3-33*01	ARDFPIVGASSNYGLD
616	B	46	15	V3-33	V3-33*02	AREGSLTPGGSDVFD
617	B	118	11	V3-33	V3-33*02	ARLTSGWFSVD
618	B	102	11	V3-33	V3-33*02	ARLTSGWFSVD
619	B	53	13	V3-33	V3-33*02	TRSKRTVTGFYMD
620	B	33	13	V3-33	V3-33*02	ARSKRTVIGFYMD
621	B	71	12	V3-33	V3-33*03	ATEVLGGQGAFD
622	B	63	13	V3-33	V3-33*04	ARSKNTVNRFYMD
623	B	68	16	V3-33	V3-33*05	VRQAPQGLIYAGRYFD
624	B	79	16	V3-33	V3-33*06	AKDGVGITSTPTPSFA
625	B	44	13	V3-33	V3-33*06	AALRHSNYVGGLD
626	B	95	23	V3-38-3	V3-38-3*01	ARDRLNYYDSSGYYPPGYYYGLD
627	B	33	8	V3-43	V3-43*01	AKDFSGAM
628	B	60	13	V3-43	V3-43*01	AKAECADNCYLTD
629	B	31	12	V3-43	V3-43*01	ARAAPGQLIPLD
630	B	48	18	V3-43	V3-43*01	AKDFSGFQNSLFYFHYMD
631	B	34	13	V3-43	V3-43*01	ARDRSTGTTYFMD
632	B	43	18	V3-43D	V3-43D*01	AKDLGPSSFYDTRGFDFG
633	B	97	13	V3-48	V3-48*02	ARVADGYMNYYFD
634	B	32	13	V3-48	V3-48*02	TRGRMYDSIGYYD
635	B	37	13	V3-48	V3-48*02	ARGRTYDSIGYYD
636	B	55	22	V3-48	V3-48*02	ATYVSCSTSSCTAPENYYWYFD
637	B	66	10	V3-48	V3-48*02	AKATIYDALD
638	B	39	11	V3-48	V3-48*02	ARDLGIQGAID
639	B	237	9	V3-48	V3-48*02	AKDRDWAFD
640	B	83	10	V3-48	V3-48*02	ATYNRRPQVD
641	B	54	12	V3-48	V3-48*02	AREVFQGSGGFD
642	B	46	11	V3-48	V3-48*02	ARDRGGTYYID
643	B	71	11	V3-48	V3-48*02	ARDLGIQGAID
644	B	74	11	V3-48	V3-48*02	ARDLGIQGAID
645	B	255	11	V3-48	V3-48*02	ARDLGIQGAID
646	B	32	11	V3-48	V3-48*02	ARDLGIQGAID
647	B	97	16	V3-48	V3-48*02	ARDASHVEDTDWYYFD
648	B	35	16	V3-48	V3-48*02	ARDASPVEGTGWYYFD
649	B	42	10	V3-48	V3-48*02	ARGWLENTFD
650	B	78	10	V3-48	V3-48*02	ARGWLENTFD
651	B	55	9	V3-48	V3-48*02	VRDRDYAFD
652	B	56	9	V3-48	V3-48*02	VRDLNWGFD
653	B	214	9	V3-48	V3-48*02	VRDLNWGFD
654	B	52	12	V3-48	V3-48*02	VRALTQTRVTTG
655	B	318	11	V3-48	V3-48*02	CTSCFVDCSLY
656	B	83	11	V3-48	V3-48*02	CTSCFVDCSLY
657	B	95	15	V3-48	V3-48*02	ARQVGSKGSGFYFMD
658	B	90	15	V3-48	V3-48*02	AREGRGGFYYYYYMD
659	B	36	14	V3-48	V3-48*02	SRSNSRGGYYYFMD
660	B	56	16	V3-48	V3-48*03	ARGQSSLNTIFRSYFD
661	B	110	8	V3-48	V3-48*03	ARNSGIFS
662	B	183	8	V3-48	V3-48*03	ARNSGIYS
663	B	165	10	V3-48	V3-48*03	ATSRDGKAFD
664	B	64	12	V3-48	V3-48*03	ARETTVTPDGLD
665	B	33	10	V3-48	V3-48*03	TRDQGYGDYW
666	B	82	11	V3-48	V3-48*03	ATGWNDGCHFD
667	B	46	8	V3-48	V3-48*03	ARDDGGLE
668	B	151	12	V3-48	V3-48*03	ARGRLAAAGMID
669	B	54	10	V3-48	V3-48*03	AREVDDNGFD
670	B	48	14	V3-48	V3-48*03	ARDGGNRGNSAGFD
671	B	35	11	V3-48	V3-48*03	ARDSPNLNWFD
672	B	39	6	V3-48	V3-48*03	ARGRGS
673	B	41	12	V3-48	V3-48*04	ARVWRTEGEGYN
674	B	173	15	V3-48	V3-48*04	ARQVGSKGSGYYFMD
675	B	107	12	V3-48	V3-48*04	ARVYASTPYFMD
676	B	32	12	V3-49	V3-49*03	TRIGDGFNYAFD
677	B	107	12	V3-49	V3-49*03	TRIGDGFNYAFD
678	B	121	9	V3-49	V3-49*03	TGGRGWLTD
679	B	35	10	V3-49	V3-49*04	TRHISLLMGG
680	B	44	10	V3-49	V3-49*04	TRHIVLLMGG
681	B	33	11	V3-49	V3-49*04	TRDPHGDDFRG
682	B	47	14	V3-49	V3-49*04	TRDRPGTYYPITLD
683	B	55	11	V3-49	V3-49*04	TRDPHGDYFRG
684	B	51	10	V3-49	V3-49*04	ARGLSPRPFD
685	B	117	10	V3-49	V3-49*04	TRELWPNTFD
686	B	42	18	V3-49	V3-49*04	TREEGATGTDLAEYYGMD
687	B	39	9	V3-53	V3-53*01	ARGLEWELG
688	B	77	16	V3-53	V3-53*01	ASSLCSGGSCYAGHFH
689	B	48	15	V3-53	V3-53*01	ARDLIARAGPVRYFD
690	B	103	6	V3-53	V3-53*01	TRGTAG
691	B	62	15	V3-53	V3-53*01	AAPLGGFAEGTDAFD
692	B	76	18	V3-53	V3-53*01	ARDHGYYYSGINRDDAFD
693	B	121	13	V3-53	V3-53*01	VRESVNSSSRAFD
694	B	196	6	V3-53	V3-53*01	TRDSGV
695	B	34	13	V3-53	V3-53*01	ACGAGEGAKYYFD
696	B	31	13	V3-53	V3-53*01	ARDVLGDGYASFD
697	B	39	14	V3-53	V3-53*01	ARDRIEWSRGHWFD
698	B	46	6	V3-53	V3-53*01	ARVPGF
699	B	105	8	V3-53	V3-53*01	AGRVSGVY
700	B	32	5	V3-53	V3-53*01	GRDVG
701	B	106	5	V3-53	V3-53*01	GRDVG
702	B	254	15	V3-53	V3-53*01	AREPGGHLHYYYGMD
703	B	31	10	V3-53	V3-53*01	ATDEGYHYMD
704	B	40	14	V3-53	V3-53*02	AREGNGRDGFNYLD
705	B	41	14	V3-53	V3-53*02	AREGNGRDGFNYLD
706	B	39	13	V3-53	V3-53*03	ATGAGDGAKYYFD
707	B	43	15	V3-53	V3-53*03	ARGHCSNGICNNNPE
708	B	175	12	V3-64	V3-64*01	AREEISRQTALD
709	B	136	10	V3-64	V3-64*01	ARETGDYAFD
710	B	82	12	V3-64	V3-64	AREGIIRRTALD
711	B	47	10	V3-64	V3-64	AREPSFGELD
712	B	32	12	V3-7	V3-7*01	ARGGSNSAWYWL
713	B	56	8	V3-7	V3-7*01	ATSAAGLP
714	B	75	9	V3-7	V3-7*01	AREFYWLFD
715	B	53	10	V3-7	V3-7*01	ARESFGYDYD
716	B	71	10	V3-7	V3-7*01	ASESTSREEG
717	B	51	9	V3-7	V3-7*01	VRGAGWLLE
718	B	90	12	V3-7	V3-7*01	ARGGYSTSWYWR
719	B	53	12	V3-7	V3-7*01	ARGGSNSAWYWV
720	B	106	12	V3-7	V3-7*01	ARGGSNSAWYWV
721	B	60	12	V3-7	V3-7*01	AIGGYTSSWYWR
722	B	36	12	V3-7	V3-7*01	AIGGYTSSWYWR
723	B	41	13	V3-7	V3-7*01	ATEGVPTTFDAFE
724	B	50	12	V3-7	V3-7*01	ARGILGDSVAFD
725	B	31	12	V3-7	V3-7*01	ARGIFGDSVAFD
726	B	102	12	V3-7	V3-7*01	ARGILGDSVAFD
727	B	76	17	V3-7	V3-7*01	TRDENYSERKIYYDAFH
728	B	110	12	V3-7	V3-7*01	AKLSWPTVRVFD
729	B	78	15	V3-7	V3-7*01	ARIPCYGSEICDAFD
730	B	58	9	V3-7	V3-7*01	ARENWYVFD
731	B	39	15	V3-7	V3-7*01	ARARVYQGWITDVFG
732	B	37	12	V3-7	V3-7*01	ARGILGDSVAFD
733	B	46	12	V3-7	V3-7*01	ARGIFGDSVAFD
734	B	37	18	V3-7	V3-7*01	ARGDERYDFWSGPNDAFD
735	B	102	18	V3-7	V3-7*01	VRDGRYCTNIDCKGDGYD
736	B	53	8	V3-7	V3-7*01	TRGHWGRR
737	B	74	7	V3-7	V3-7*01	AGWASTN
738	B	31	8	V3-7	V3-7*01	ARLYGYFD
739	B	165	10	V3-7	V3-7*01	ARDQGWEQFD
740	B	49	8	V3-7	V3-7*01	ARDPWELL
741	B	46	14	V3-7	V3-7*01	ARDPGSSTWYGYFD
742	B	33	15	V3-7	V3-7*01	ARDPPIIEMETIAVD
743	B	83	15	V3-7	V3-7*01	ARDPPIMEMDTIAVD
744	B	76	9	V3-7	V3-7*01	ARDEDGAFD
745	B	181	9	V3-7	V3-7*01	ARDEDGAFD
746	B	33	9	V3-7	V3-7*01	ARDEDGAFD
747	B	206	9	V3-7	V3-7*01	ARDEDGAFD
748	B	172	9	V3-7	V3-7*01	ARDEDGAFD
749	B	79	12	V3-7	V3-7*01	ARAVYSSGWHFD
750	B	70	8	V3-7	V3-7*01	ARGYSFGD
751	B	121	9	V3-7	V3-7*01	ARSNWAAND
752	B	117	9	V3-7	V3-7*01	ASETWGAYD
753	B	440	9	V3-7	V3-7*01	ARSTFSSSD
754	B	49	17	V3-7	V3-7*01	ARGTVVDQGGSYYRPLD
755	B	60	20	V3-7	V3-7*01	ARVGSHCSSTSCQSTFRPLD
756	B	92	10	V3-7	V3-7*01	ARFHFGLPFD
757	B	165	10	V3-7	V3-7*01	ARFHFGLPFD
758	B	56	10	V3-7	V3-7*01	ARFYFGLSFD
759	B	63	9	V3-7	V3-7*01	AGGGGFLSD
760	B	31	14	V3-7	V3-7*01	ASVDGWHVMRPNFD
761	B	62	16	V3-7	V3-7*01	VRDRGKGSGAYSSPFD
762	B	42	13	V3-7	V3-7*01	VRAGYKYGFVDFD
763	B	71	9	V3-7	V3-7*01	VRGAGWLLD
764	B	31	9	V3-7	V3-7*01	SRGNWNDGG
765	B	141	9	V3-7	V3-7*01	SRSNWAAND
766	B	156	10	V3-7	V3-7*01	ARGTQLPGID
767	B	83	9	V3-7	V3-7*01	AGGNGWLID
768	B	462	9	V3-7	V3-7*01	AGGSGWLSD
769	B	136	9	V3-7	V3-7*01	AGGSGWLSD
770	B	78	7	V3-7	V3-7*01	VRGGGMH
771	B	81	10	V3-7	V3-7*01	ATDAGRSGSD
772	B	163	10	V3-7	V3-7*01	ATDAGRSGSD
773	B	44	18	V3-7	V3-7*01	ARNGENNKDYMGRWRWFD
774	B	32	11	V3-7	V3-7*01	ARNLVGERTVD
775	B	56	10	V3-7	V3-7*01	ARDIGAGWFD
776	B	48	18	V3-7	V3-7*01	ARPSRVVTPSGLGEYWFE
777	B	52	12	V3-7	V3-7*01	ASWWMAARPGFD
778	B	77	9	V3-7	V3-7*01	AGGTGWLES
779	B	39	19	V3-7	V3-7*01	ARDHSGFDIGPKFYYYGMD
780	B	54	23	V3-7	V3-7*01	ARDGIGSRIKETTVTFYYYYGMD
781	B	42	9	V3-7	V3-7*01	AGGTGWLVT
782	B	34	12	V3-7	V3-7*01	VRSSWYPYYGMD
783	B	43	11	V3-7	V3-7*01	VREASGMNGMD
784	B	126	15	V3-7	V3-7*01	ARDEDFYDISGLYID
785	B	53	18	V3-7	V3-7*01	ARSDILPGYFSPEYYYMD
786	B	64	12	V3-7	V3-7*01	ARGSFWSGNVLD
787	B	93	10	V3-72	V3-72*01	ARSGSYAAMN
788	B	83	13	V3-72	V3-72*01	ARGIAVAGYTYFD
789	B	37	15	V3-72	V3-72*01	VSVLTSIVGVTGALD
790	B	161	8	V3-72	V3-72*01	VRGFHGFD
791	B	107	12	V3-72	V3-72*01	TRVGPPGIDAFD
792	B	190	12	V3-72	V3-72*01	TRVGPPGIDAFD
793	B	38	12	V3-72	V3-72*01	TRVGPPGIDAFD
794	B	334	9	V3-72	V3-72*01	TVSYFNPSN
795	B	70	18	V3-72	V3-72*01	ARATYSGAHYDYYYYYMD
796	B	135	14	V3-73	V3-73*01	ASQLRHTSGYYFEP
797	B	32	14	V3-73	V3-73*01	TSGVISSDGSDDYD
798	B	38	14	V3-74	V3-74*01	TRIRKVGSTWSGFD
799	B	55	9	V3-74	V3-74*01	TRDIGGSRG
800	B	46	13	V3-74	V3-74*01	ARRKPEAAAGVFD
801	B	80	9	V3-74	V3-74*01	AREDFGGHD
802	B	56	16	V3-74	V3-74*01	AREAGDGYNSGWYYFD
803	B	82	14	V3-74	V3-74*01	ARMRKVGSVWSGFE
804	B	195	9	V3-74	V3-74*01	AGEVSGKND
805	B	70	6	V3-74	V3-74*01	TTDSMG
806	B	84	12	V3-74	V3-74*01	ARDAGALRGAFD
807	B	62	12	V3-74	V3-74*01	VALDLRRGRAVD
808	B	85	7	V3-74	V3-74*01	ARRDYFD
809	B	109	9	V3-74	V3-74*01	TRDIGGRRA
810	B	65	9	V3-74	V3-74*01	TRDIGGRRA
811	B	143	9	V3-74	V3-74*01	TRDIGGSRA
812	B	37	9	V3-74	V3-74*01	ARENYWKFD
813	B	35	14	V3-74	V3-74*01	ARDLRTVVDDHYFD
814	B	103	10	V3-74	V3-74*01	ARVSGGVPAN
815	B	119	12	V3-74	V3-74*01	ARSLAWLRYEAD
816	B	100	10	V3-74	V3-74*01	VRIATVQGAN
817	B	84	9	V3-74	V3-74*01	ATEFYGGLD
818	B	59	9	V3-74	V3-74*01	ARDLSGRHD
819	B	67	11	V3-74	V3-74*01	ARVRVADSSWA
820	B	42	5	V3-74	V3-74*01	VKTLT
821	B	45	9	V3-74	V3-74*01	ARDLSGRHD
822	B	289	9	V3-74	V3-74*01	ARDLSGRYD
823	B	118	11	V3-74	V3-74*01	ARDHNGYNWFD
824	B	125	11	V3-74	V3-74*01	VRAMVGMGWFD
825	B	39	9	V3-74	V3-74*01	AGYSWGGMD
826	B	34	25	V3-74	V3-74*01	VKDGDCSSTTCFGRPNDNFFYYGMD
827	B	46	16	V3-74	V3-74*01	VRGFQGGVLGPHYAMD
828	B	55	12	V3-74	V3-74*01	VRESGLSPLDLD
829	B	49	21	V3-74	V3-74*01	ARGDSGHYFDVGLKQYYYYMD
830	B	227	5	V3-74	V3-74*02	LRLEM
831	B	175	9	V3-74	V3-74*02	TRDIGGRRA
832	B	144	12	V3-74	V3-74*02	LRGCSNGVCFGA
833	B	251	12	V3-74	V3-74*02	LRGCSNGVCFGA
834	B	154	13	V3-74	V3-74*02	ARRKPEAAAGVFD
835	B	31	13	V3-74	V3-74*02	ARRKPEAAAGVFD
836	B	81	8	V3-74	V3-74*02	ARALGYEA
837	B	63	9	V3-74	V3-74*02	AGEVSGKND
838	B	108	14	V3-74	V3-74*02	ARGGAEGDYVNLFD
839	B	59	14	V3-74	V3-74*02	ARMRKVGSTWSGFD
840	B	88	9	V3-74	V3-74*02	SRDLSGRDD
841	B	59	9	V3-74	V3-74*02	SRDLIGRDD
842	B	34	9	V3-74	V3-74*02	SRDLCGRDD
843	B	62	8	V3-74	V3-74*02	ARGGPGSG
844	B	59	5	V3-74	V3-74*02	LRLER
845	B	128	12	V3-74	V3-74*03	TRENWQYVRAFD
846	B	33	10	V3-74	V3-74*03	ARALPYEGFD
847	B	98	8	V3-74	V3-74*03	ARSSVKPD
848	B	50	8	V3-74	V3-74*03	ASFIMGVP
849	B	51	9	V3-74	V3-74*03	AREASFIWD
850	B	43	9	V3-74	V3-74*03	VREYYFSAD
851	B	73	13	V3-74	V3-74*03	ATLMLVAAFDDFD
852	B	56	11	V3-74	V3-74*03	TRDLGWDHPPD
853	B	74	10	V3-74	V3-74*03	ATHSSSWAVD
854	B	107	16	V3-74	V3-74*03	ARDYDYDSGASYMAFD
855	B	107	12	V3-74	V3-74*03	ARGLNQGVGYGD
856	B	50	10	V3-74	V3-74*03	ASLGVKGEVD
857	B	159	9	V3-74	V3-74*03	VRLPVAGTG
858	B	62	15	V3-74	V3-74*03	VRDSSAYYSSGRFFD
859	B	49	9	V3-74	V3-74*03	ARDMVGPND
860	B	184	11	V3-74	V3-74*03	ARVRVADSSWA
861	B	1517	11	V3-74	V3-74*03	ARVRVADSSWA
862	B	234	11	V3-74	V3-74*03	ARVRVADSSWA
863	B	75	11	V3-74	V3-74*03	ARVRVADSSWA
864	B	334	11	V3-74	V3-74*03	ARVRVADSSWA
865	B	52	9	V3-74	V3-74*03	AKEMWATLD
866	B	210	9	V3-74	V3-74*03	AKEMWATLD
867	B	74	9	V3-74	V3-74*03	ANIVARQWS
868	B	42	10	V3-74	V3-74*03	VRGNKWFPLD
869	B	63	10	V3-74	V3-74*03	AKGGYQHTLD
870	B	43	13	V3-74	V3-74*03	ATESIPTLTYYMD
871	B	165	14	V3-9	V3-9*01	AKDGRGSWGAYAFD
872	B	51	13	V3-9	V3-9*01	VKGTTGYNSGHFD
873	B	102	11	V3-9	V3-9*01	ATDHGDLGRLD
874	B	67	9	V3-9	V3-9*01	GTDKAGDLE
875	B	54	6	V3-9	V3-9*01	WCPGKD
876	B	64	10	V3-9	V3-9*01	TMDLLPGGAD
877	B	131	24	V3-9	V3-9*01	AKDGTLDIVLVPAAMTGGYYYGLD
878	B	98	12	V3-9	V3-9*01	AKDRGRFFYGVE
879	B	133	15	V3-9	V3-9*01	AKDIRYVSTVYYGMD
880	B	161	15	V3-9	V3-9*01	AKDIRYVSTVYYGMD
881	B	84	10	V3-9	V3-9*01	GKDVKPGGLD
882	B	33	14	V3-9	V3-9*01	GKDYLEWVFTGGMD
883	B	273	10	V3-9	V3-9*01	VKDVTAGGAD
884	B	36	10	V3-9	V3-9*02	VKDVTAGGAD
885	B	36	17	V3-9	V3-9*03	AKSYSSIPSGETNDAFD
886	B	115	18	V3-9	V3-9*03	ARGVPRRGMVTGWGYHFD
887	B	106	17	V3-NL1	V3-NL1*01	AKDLRKAGTAASLYGMD
888	B	64	29	V3/OR16-13	V3/OR16-13*01	ARESATFEIAVPSGGDFDYRGQGIEGYFD
889	B	115	11	V3/OR16-9	V3/OR16-9*01	VREASGMNGMD
